netid,ssid,trilat,trilong,oui_match,channel,encryption,firsttime,lasttime,city,region,country,road,postalcode
70:C9:4E:00:00:00,Flock-6361,40.76551437,-111.88066864,70:C9:4E,11,wep,2026-01-30T02:00:00.000Z,2026-01-30T01:00:00.000Z,Salt Lake City,UT,US,200 South,84111
70:C9:4E:05:97:4D,,42.30656433,-71.08449554,70:C9:4E,10,wpa2,2026-06-04T01:00:00.000Z,2026-06-03T19:00:00.000Z,Boston,MA,US,Blue Hill Avenue,02121
70:C9:4E:05:9F:10,,36.03699493,-80.38843536,70:C9:4E,1,wpa2,2026-06-02T18:00:00.000Z,2026-06-02T13:00:00.000Z,,NC,US,Jessie Lane,27012
70:C9:4E:05:A0:75,,40.68869019,-73.58950043,70:C9:4E,5,unknown,2025-07-26T12:00:00.000Z,2025-07-27T09:00:00.000Z,,NY,US,Howard Avenue,11575
70:C9:4E:05:B9:85,,30.22080803,-81.56829071,70:C9:4E,8,unknown,2024-08-17T01:00:00.000Z,2024-08-17T14:00:00.000Z,Jacksonville,FL,US,Baymeadows Road,32256
70:C9:4E:08:DF:29,,51.00755692,-0.93752098,70:C9:4E,3,unknown,2026-02-27T12:00:00.000Z,2026-05-07T05:00:00.000Z,East Hampshire,England,GB,Osborne Road,GU32 3EJ
70:C9:4E:09:A6:C4,,42.30261993,-71.11295319,70:C9:4E,6,wpa2,2026-06-05T20:00:00.000Z,2026-07-05T16:00:00.000Z,Boston,MA,US,Pierre Lallement Bike Path,02130
70:C9:4E:0A:1D:91,Alex100,55.73052597,37.60974503,70:C9:4E,11,unknown,2024-06-18T19:00:00.000Z,2026-01-08T10:00:00.000Z,Москва,Москва,RU,улица Крымский Вал,119049
70:C9:4E:0B:41:46,Flock,59.33886719,18.07886314,70:C9:4E,1,wpa2,2026-06-23T10:00:00.000Z,2026-06-23T06:00:00.000Z,,Stockholms län,SE,Kommendörsgatan,114 60
70:C9:4E:0B:5E:B3,<hidden>,43.23965836,-77.4213562,70:C9:4E,3,none,2026-07-13T17:00:00.000Z,2026-07-13T11:00:00.000Z,,NY,US,Morning Glory Drive,14580
70:C9:4E:0B:68:A1,,42.32004166,-71.08156586,70:C9:4E,1,wpa2,2026-06-04T01:00:00.000Z,2026-06-03T19:00:00.000Z,Boston,MA,US,Warren Street,02119
70:C9:4E:0B:74:34,,30.22079659,-81.56845093,70:C9:4E,9,unknown,2024-08-17T01:00:00.000Z,2024-08-17T14:00:00.000Z,Jacksonville,FL,US,Baymeadows Road,32256
70:C9:4E:0B:78:DB,,40.65481949,-73.92494965,70:C9:4E,2,unknown,2025-09-30T07:00:00.000Z,2025-09-30T02:00:00.000Z,City of New York,NY,US,East 56th Street,11203
70:C9:4E:0B:7A:11,,28.35780907,-80.69286346,70:C9:4E,11,wpa2,2026-07-07T23:00:00.000Z,2026-07-14T14:00:00.000Z,,FL,US,East Merritt Island Causeway,32952
70:C9:4E:0B:83:3B,,40.64012527,-73.90202332,70:C9:4E,1,unknown,2025-09-30T03:00:00.000Z,2025-09-29T22:00:00.000Z,City of New York,NY,US,East 93rd Street,11236
70:C9:4E:0B:83:78,,40.81103134,-74.18860626,70:C9:4E,2,unknown,2025-06-06T13:00:00.000Z,2025-07-07T07:00:00.000Z,,NJ,US,Hoover Avenue,07003
70:C9:4E:0C:E9:CF,,-33.83690643,151.03286743,70:C9:4E,3,unknown,2024-05-04T04:00:00.000Z,2024-09-07T07:00:00.000Z,Sydney,New South Wales,AU,Western Motorway,2128
70:C9:4E:0D:D7:93,UE06,51.11280441,17.06424713,70:C9:4E,1,wpa2,2024-09-01T11:00:00.000Z,2024-09-01T05:00:00.000Z,Wrocław,województwo dolnośląskie,PL,Plac Grunwaldzki,50-363
70:C9:4E:12:AD:79,,33.60577393,-86.28606415,70:C9:4E,1,unknown,2026-05-31T00:00:00.000Z,2026-06-03T20:00:00.000Z,,AL,US,I 20,35125
70:C9:4E:14:0F:D9,,-33.95688629,151.07592773,70:C9:4E,6,unknown,2024-07-20T07:00:00.000Z,2024-07-20T06:00:00.000Z,,New South Wales,AU,Stoney Creek Road,2209
70:C9:4E:14:1B:4A,,-41.43297195,147.13414001,70:C9:4E,10,unknown,2025-12-02T11:00:00.000Z,2025-12-02T03:00:00.000Z,Launceston,Tasmania,AU,St John Street,7250
70:C9:4E:16:BC:89,Flock,37.370327,-121.8780365,70:C9:4E,1,wpa2,2026-05-30T00:00:00.000Z,2026-05-30T00:00:00.000Z,San Jose,CA,US,Berryessa Road,95131
70:C9:4E:17:12:B5,,41.48203278,-81.81391144,70:C9:4E,4,unknown,2025-07-26T16:00:00.000Z,2025-07-26T11:00:00.000Z,,OH,US,Lauderdale Avenue,44107
70:C9:4E:17:96:7B,,29.44845963,-98.55949402,70:C9:4E,1,unknown,2025-12-10T05:00:00.000Z,2025-12-10T07:00:00.000Z,San Antonio,TX,US,Culebra Road,78228
70:C9:4E:19:5C:80,,45.15065765,-122.87519073,70:C9:4E,1,wpa2,2026-07-05T00:00:00.000Z,2026-07-04T17:00:00.000Z,,OR,US,Newberg Highway,97071
70:C9:4E:1D:7E:1A,Flock,53.74764252,-3.0310328,70:C9:4E,1,wpa2,2026-05-12T09:00:00.000Z,2026-05-13T11:00:00.000Z,Fylde,England,GB,South Promenade,FY8 1LS
70:C9:4E:1E:EC:2F,,32.75229645,-96.46257019,70:C9:4E,10,unknown,2024-07-21T15:00:00.000Z,2024-07-22T04:00:00.000Z,Forney,TX,US,US 80,75126
70:C9:4E:21:30:FA,Flock,29.95186043,-95.62840271,70:C9:4E,1,wpa2,2026-05-05T23:00:00.000Z,2026-05-05T16:00:00.000Z,,TX,US,Birdcall Lane,77429
70:C9:4E:21:4E:85,,-33.79298401,151.19572449,70:C9:4E,157,unknown,2024-02-12T00:00:00.000Z,2024-07-28T23:00:00.000Z,Sydney,New South Wales,AU,Penshurst Street,2068
70:C9:4E:21:50:A3,,51.28403473,9.63092709,70:C9:4E,6,unknown,2026-02-08T19:00:00.000Z,2026-02-16T09:00:00.000Z,,Hessen,DE,Leipziger Straße,34260
70:C9:4E:24:48:26,DIRECT-ZMLAPTOP-VPPJ09KPmsTk,14.36166859,120.88280487,70:C9:4E,11,wpa2,2025-04-23T02:00:00.000Z,2025-04-23T22:00:00.000Z,General Trias,Cavite,PH,,4107
70:C9:4E:25:81:5D,,38.67725372,-90.01296997,70:C9:4E,4,wpa2,2026-07-12T05:00:00.000Z,2026-07-14T14:00:00.000Z,,IL,US,Collinsville Crossing Boulevard,62234
70:C9:4E:25:82:E8,,39.91729736,-75.0895462,70:C9:4E,11,wpa2,2026-06-02T14:00:00.000Z,2026-06-02T10:00:00.000Z,Woodlynne,NJ,US,Crescent Boulevard,08107-1950
70:C9:4E:26:BA:6B,,33.89396286,-118.30961609,70:C9:4E,1,wpa2,2026-05-23T01:00:00.000Z,2026-05-22T19:00:00.000Z,,CA,US,West 152nd Street,90247-3225
70:C9:4E:26:C0:3F,HomeWifi,40.71729279,-73.81890869,70:C9:4E,4,unknown,2021-11-04T01:00:00.000Z,2025-09-14T10:00:00.000Z,City of New York,NY,US,Union Turnpike,11435
70:C9:4E:26:C1:39,,42.66490173,-70.86817169,70:C9:4E,0,unknown,2024-08-28T04:00:00.000Z,2024-10-04T10:00:00.000Z,,MA,US,Topsfield Road,01938-1665
70:C9:4E:27:58:A3,,53.82009506,9.0886879,70:C9:4E,1,unknown,2024-11-12T15:00:00.000Z,2024-11-12T08:00:00.000Z,,Niedersachsen,DE,Itzwördener Straße,21730
70:C9:4E:28:8D:D1,,28.97725487,-82.13366699,70:C9:4E,1,unknown,2026-05-31T16:00:00.000Z,2026-06-03T20:00:00.000Z,,FL,US,I 75,34484
70:C9:4E:28:AA:7D,ELUX_70:c9:4e:28:aa:7d,40.48199081,-75.02630615,70:C9:4E,6,unknown,2022-06-14T18:00:00.000Z,2025-09-27T15:00:00.000Z,,NJ,US,Kingwood Own Road,08825
70:C9:4E:2B:2A:AA,,40.83433533,-74.1714325,70:C9:4E,11,unknown,2024-06-23T22:00:00.000Z,2026-01-02T08:00:00.000Z,,NJ,US,Ferncliff Road,07003
70:C9:4E:2B:2B:30,,40.74451065,-73.7735672,70:C9:4E,1,unknown,2024-10-19T11:00:00.000Z,2024-10-19T05:00:00.000Z,City of New York,NY,US,Horace Harding Expressway,11364
70:C9:4E:2B:2C:EC,,37.47822189,-120.83919525,70:C9:4E,11,unknown,2024-08-27T08:00:00.000Z,2024-09-02T16:00:00.000Z,Turlock,CA,US,English Avenue,95381
70:C9:4E:2B:4B:0A,Flock,39.98047256,-105.04039764,70:C9:4E,1,wpa2,2026-06-24T14:00:00.000Z,2026-06-24T07:00:00.000Z,,CO,US,Northwest Parkway,80032
70:C9:4E:2B:66:15,Flock,33.02473831,-117.07885742,70:C9:4E,1,wpa2,2026-05-16T18:00:00.000Z,2026-05-19T23:00:00.000Z,San Diego,CA,US,I-15 Express Lanes,92128
70:C9:4E:2B:A5:F6,,45.42384338,-73.6110611,70:C9:4E,0,unknown,2025-03-31T05:00:00.000Z,2025-04-03T15:00:00.000Z,Montréal,Québec,CA,Rue George,H8P 1B3
70:C9:4E:2B:C9:5C,,-27.64341164,152.85783386,70:C9:4E,4,unknown,2025-07-27T02:00:00.000Z,2025-07-26T20:00:00.000Z,,Queensland,AU,Glen Noble Avenue,4301
70:C9:4E:2B:FC:A7,Flock,40.51779175,-88.98310852,70:C9:4E,1,wpa2,2026-06-19T03:00:00.000Z,2026-06-18T21:00:00.000Z,,IL,US,North Linden Street,61761
70:C9:4E:2B:FC:F9,Flock,34.57270813,-118.04936981,70:C9:4E,1,wpa2,2026-05-06T18:00:00.000Z,2026-05-06T20:00:00.000Z,Palmdale,CA,US,45th Street East,93552
70:C9:4E:2C:04:20,Flock,27.51290321,-97.85599518,70:C9:4E,1,wpa2,2026-05-01T15:00:00.000Z,2026-05-01T11:00:00.000Z,,TX,US,South 14th Street,78363
70:C9:4E:2C:32:6B,Fam zu,9.99376297,-84.24191284,70:C9:4E,7,unknown,2025-07-28T00:00:00.000Z,2025-08-12T17:00:00.000Z,San Antonio,Provincia Alajuela,CR,Autopista Bernardo Soto,20104
70:C9:4E:2C:3C:C3,DROP-OFF 2846,14.29227734,120.91110992,70:C9:4E,1,wpa2,2024-09-28T08:00:00.000Z,2024-09-30T10:00:00.000Z,General Trias,Cavite,PH,Crisanto M. delos Reyes Avenue,4107
70:C9:4E:2C:62:5A,huawei-wifi,13.94643021,121.49824524,70:C9:4E,5,wpa2,2025-05-28T03:00:00.000Z,2025-06-06T02:00:00.000Z,,Calabarzon,PH,Maharlika Highway,4322
70:C9:4E:2E:2B:45,,40.83051682,-74.17240143,70:C9:4E,6,unknown,2025-07-22T02:00:00.000Z,2025-08-14T18:00:00.000Z,,NJ,US,Andover Place,07003
70:C9:4E:2F:76:71,,40.84493637,-73.90589905,70:C9:4E,8,unknown,2025-10-10T09:00:00.000Z,2025-10-10T05:00:00.000Z,City of New York,NY,US,Cross Bronx Expressway,10457
70:C9:4E:2F:A6:BE,,31.10722542,-97.3915863,70:C9:4E,0,unknown,2026-04-10T15:00:00.000Z,2026-04-10T20:00:00.000Z,,TX,US,Southwest H K Dodgen Loop,76502
70:C9:4E:30:32:A5,Flock,50.93396759,6.99923801,70:C9:4E,1,wpa2,2026-06-29T04:00:00.000Z,2026-07-01T13:00:00.000Z,Köln,Nordrhein-Westfalen,DE,Usingerstraße,51105
70:C9:4E:30:AA:8E,ELUX_70:c9:4e:30:aa:8e,40.64536667,-74.12949371,70:C9:4E,4,none,2024-07-20T22:00:00.000Z,2024-08-10T15:00:00.000Z,Bayonne,NJ,US,West 1st Street,10302
70:C9:4E:30:C3:B0,,-33.91456985,150.97547913,70:C9:4E,3,unknown,2024-09-06T02:00:00.000Z,2024-09-06T01:00:00.000Z,Sydney,New South Wales,AU,Henry Lawson Drive,2198
70:C9:4E:31:48:ED,,30.34668541,-97.38359833,70:C9:4E,0,unknown,2021-03-02T13:00:00.000Z,2026-04-01T05:00:00.000Z,Elgin,TX,US,Lee Dildy Boulevard,78621
70:C9:4E:31:4D:EA,,41.48194504,-81.76292419,70:C9:4E,1,unknown,2025-07-26T17:00:00.000Z,2025-07-26T11:00:00.000Z,Cleveland,OH,US,West 110th Street,44102
70:C9:4E:31:4E:31,,29.49858093,-98.60292816,70:C9:4E,4,unknown,2025-12-10T04:00:00.000Z,2025-12-10T07:00:00.000Z,,TX,US,Forest Park Street,78240
70:C9:4E:31:AA:FF,,53.73657608,91.43679047,70:C9:4E,9,unknown,2026-04-25T06:00:00.000Z,2026-04-26T07:00:00.000Z,Абакан,Республика Хакасия,RU,проспект Дружбы Народов,655010
70:C9:4E:35:15:B9,,-33.91508102,151.21130371,70:C9:4E,1,unknown,2024-09-09T23:00:00.000Z,2024-10-03T04:00:00.000Z,Sydney,New South Wales,AU,,2018
70:C9:4E:35:48:FD,,34.53238678,-82.62865448,70:C9:4E,1,unknown,2025-07-26T22:00:00.000Z,2025-07-28T13:00:00.000Z,Anderson,SC,US,Annadale Drive,29621
70:C9:4E:35:51:AF,,53.60931015,10.63650799,70:C9:4E,48,unknown,2025-07-06T10:00:00.000Z,2025-07-06T07:00:00.000Z,Breitenfelde,Schleswig-Holstein,DE,Bundesstraße,23881
70:C9:4E:35:57:77,,39.23781586,-84.39556885,70:C9:4E,1,unknown,2026-06-01T20:00:00.000Z,2026-06-01T14:00:00.000Z,,OH,US,Cooper Road,45242
70:C9:4E:35:59:8C,,39.73108673,-86.15389252,70:C9:4E,6,wpa2,2026-06-16T12:00:00.000Z,2026-06-16T12:00:00.000Z,Indianapolis,IN,US,Madison Avenue,46227
70:C9:4E:35:5C:10,Flock,39.93183136,-75.30508423,70:C9:4E,1,wpa2,2026-05-25T17:00:00.000Z,2026-05-25T11:00:00.000Z,,PA,US,West Wyncliff Avenue,19018
70:C9:4E:35:6A:19,,33.23099518,-96.916008,70:C9:4E,165,wpa2,2026-07-11T16:00:00.000Z,2026-07-11T11:00:00.000Z,,TX,US,Wilmington Lane,76227
70:C9:4E:35:6B:06,,44.95843506,-93.15328217,70:C9:4E,0,unknown,2024-07-20T20:00:00.000Z,2024-07-20T22:00:00.000Z,Saint Paul,MN,US,West Edmund Avenue,55104
70:C9:4E:36:4E:F3,Flock,20.70872307,-100.45639801,70:C9:4E,1,wpa2,2026-07-02T00:00:00.000Z,2026-07-06T11:00:00.000Z,,Municipio de Querétaro,MX,Boulevard Villas del Mesón,76100
70:C9:4E:36:EF:80,S2060w-62637476,-13.00643253,-38.46104431,70:C9:4E,6,unknown,2024-08-13T22:00:00.000Z,2024-08-13T16:00:00.000Z,Salvador,Bahia,BR,Avenida Manoel Dias da Silva,41830-000
70:C9:4E:36:F0:05,S2060w-62637171,45.98503876,-94.35889435,70:C9:4E,6,unknown,2025-07-26T14:00:00.000Z,2025-10-28T16:00:00.000Z,,MN,US,1st Street Northeast,56345
70:C9:4E:36:F3:D6,S2060w-62637007,37.98510742,23.72232819,70:C9:4E,6,unknown,2024-10-21T07:00:00.000Z,2025-03-04T12:00:00.000Z,Αθήνα,Αποκεντρωμένη Διοίκηση Αττικής,GR,Αγίου Κωνσταντίνου,10437
70:C9:4E:36:F3:D9,S2080w-64636009,-8.75143814,-63.90583038,70:C9:4E,6,unknown,2026-01-30T20:00:00.000Z,2026-02-20T03:00:00.000Z,Porto Velho,Rondônia,BR,Rua Jamari,76801-917
70:C9:4E:37:00:08,S2060w-62637513,-12.98388958,-38.51495743,70:C9:4E,6,unknown,2026-04-16T16:00:00.000Z,2026-04-16T11:00:00.000Z,Salvador,Bahia,BR,Praça da Piedade,40070010
70:C9:4E:37:00:0A,S2060w-62637519,-12.93052197,-38.35821533,70:C9:4E,6,unknown,2024-08-20T14:00:00.000Z,2024-08-20T08:00:00.000Z,Salvador,Bahia,BR,Avenida Dorival Caymmi,41635-152
70:C9:4E:37:DC:96,,35.99339294,-115.1321106,70:C9:4E,0,unknown,2024-07-20T18:00:00.000Z,2024-07-27T21:00:00.000Z,Henderson,NV,US,,89052
70:C9:4E:38:77:56,,39.32804489,-76.51763153,70:C9:4E,1,unknown,2026-06-12T21:00:00.000Z,2026-07-05T21:00:00.000Z,,MD,US,Chesaco Avenue,21237
70:C9:4E:38:7C:8B,,38.81775284,-77.13725281,70:C9:4E,40,unknown,2026-04-06T04:00:00.000Z,2026-05-13T15:00:00.000Z,Alexandria,VA,US,Lincolnia Road,22312
70:C9:4E:38:7E:ED,,27.95202827,-82.78643036,70:C9:4E,0,unknown,2025-09-24T21:00:00.000Z,2025-09-25T13:00:00.000Z,Clearwater,FL,US,South Lincoln Avenue,33756
70:C9:4E:38:AC:38,,45.25876999,19.82396126,70:C9:4E,0,unknown,2024-09-18T09:00:00.000Z,2024-09-18T15:00:00.000Z,Град Нови Сад,Војводина,RS,Мичуринова,21101
70:C9:4E:3A:AC:DE,,34.78773117,-91.89978027,70:C9:4E,1,unknown,2026-05-30T18:00:00.000Z,2026-06-03T20:00:00.000Z,,AR,US,East 5th Street,72086
70:C9:4E:3A:DB:E1,,41.58378983,-81.46483612,70:C9:4E,9,unknown,2024-10-19T14:00:00.000Z,2024-10-19T08:00:00.000Z,,OH,US,Chardon Road,44094
70:C9:4E:3A:FF:74,DIRECT-SSDESKTOP-U6GLS22msD3,54.30458832,10.10511208,70:C9:4E,11,wpa2,2025-05-03T13:00:00.000Z,2025-05-03T06:00:00.000Z,Kiel,Schleswig-Holstein,DE,Rendsburger Landstraße,24113
70:C9:4E:3B:BC:4B,,37.67200851,-97.46434784,70:C9:4E,1,unknown,2026-05-15T22:00:00.000Z,2026-05-15T19:00:00.000Z,Wichita,KS,US,West Hidden Valley Street,67235
70:C9:4E:3B:C1:27,,39.71952438,-105.12992096,70:C9:4E,0,unknown,2024-09-27T11:00:00.000Z,2024-09-27T18:00:00.000Z,,CO,US,West 2nd Place,80225
70:C9:4E:3B:C2:FC,,45.52643585,-73.62464905,70:C9:4E,0,unknown,2022-06-23T02:00:00.000Z,2025-06-14T11:00:00.000Z,Montréal,Québec,CA,Rue Jean-Talon Ouest,H3N 1S2
70:C9:4E:3B:C8:DE,,27.78779793,-82.73153687,70:C9:4E,0,unknown,2025-03-31T23:00:00.000Z,2025-03-31T19:00:00.000Z,Saint Petersburg,FL,US,16th Place North,33710
70:C9:4E:3C:5C:EC,,-33.84681702,151.04541016,70:C9:4E,3,unknown,2024-02-14T06:00:00.000Z,2024-08-25T01:00:00.000Z,Sydney,New South Wales,AU,Parramatta Road,2141
70:C9:4E:3C:60:84,,-27.64059258,152.85945129,70:C9:4E,7,unknown,2025-07-27T02:00:00.000Z,2025-07-26T20:00:00.000Z,Ipswich City,Queensland,AU,Coleen Court,4301
70:C9:4E:3C:69:8F,,55.93884277,-3.22797894,70:C9:4E,2,unknown,2023-10-25T11:00:00.000Z,2025-04-11T13:00:00.000Z,City of Edinburgh,Alba / Scotland,GB,Gorgie Road,EH11 2LA
70:C9:4E:3C:C0:3F,Amani Fundi,-3.36132073,36.6918869,70:C9:4E,8,wpa2,2025-07-31T11:00:00.000Z,2025-07-31T06:00:00.000Z,Arusha,Arusha,TZ,Nairobi-Moshi Road,23104
70:C9:4E:3C:CC:ED,DIRECT-LSLAPTOP-6K2EPA9CmsDR,-26.1901741,28.12144089,70:C9:4E,1,wpa2,2025-05-20T09:00:00.000Z,2025-05-23T14:00:00.000Z,,Gauteng,ZA,Bradford Road,2007
70:C9:4E:3D:C6:DF,Flock,55.38447571,10.39605427,70:C9:4E,1,wpa2,2026-07-05T19:00:00.000Z,2026-07-10T07:00:00.000Z,Odense,Region Syddanmark,DK,Chr. Sonnes Vej,5230
70:C9:4E:3D:EF:79,Flock,59.36591339,17.99552345,70:C9:4E,1,wpa2,2026-05-30T13:00:00.000Z,2026-05-30T08:00:00.000Z,,Stockholms län,SE,Tottvägen,16954
70:C9:4E:3E:44:37,,-37.76418686,144.89883423,70:C9:4E,6,unknown,2024-09-17T03:00:00.000Z,2024-09-16T21:00:00.000Z,Melbourne,Victoria,AU,The Boulevard,3032
70:C9:4E:3E:56:29,,27.80650902,-82.67193604,70:C9:4E,7,unknown,2025-03-26T00:00:00.000Z,2025-11-20T13:00:00.000Z,Saint Petersburg,FL,US,38th Avenue North,33710
70:C9:4E:3E:5D:60,,41.51702881,-81.45074463,70:C9:4E,9,unknown,2023-09-08T16:00:00.000Z,2024-10-16T12:00:00.000Z,,OH,US,Golden Gate Plaza,44124
70:C9:4E:3E:65:66,,27.78093719,-82.69385529,70:C9:4E,165,unknown,2025-06-04T21:00:00.000Z,2025-06-05T12:00:00.000Z,Saint Petersburg,FL,US,9th Avenue North,33713
70:C9:4E:3F:1B:E5,Elefante,40.80338669,-73.91699219,70:C9:4E,3,unknown,2024-10-01T16:00:00.000Z,2024-10-04T13:00:00.000Z,City of New York,NY,US,Bruckner Boulevard,10454
70:C9:4E:3F:C6:44,Flock,29.68531609,-95.42145538,70:C9:4E,1,wpa2,2026-05-12T00:00:00.000Z,2026-05-19T23:00:00.000Z,Houston,TX,US,South Main Street,77025-9998
70:C9:4E:40:96:4F,dave,34.1761322,-118.33665466,70:C9:4E,1,unknown,2025-11-14T19:00:00.000Z,2025-11-20T17:00:00.000Z,Burbank,CA,US,North Buena Vista Street,91505
70:C9:4E:41:A6:41,i1150WN-58339421,-30.74684525,121.47329712,70:C9:4E,6,unknown,2022-10-04T18:00:00.000Z,2026-02-14T00:00:00.000Z,Kalgoorlie,Western Australia,AU,Hannan Street,6432
70:C9:4E:43:DD:85,Flock,-33.89357376,150.93878174,70:C9:4E,1,wpa2,2026-06-27T01:00:00.000Z,2026-06-26T20:00:00.000Z,Sydney,New South Wales,AU,Railway Parade,2166
70:C9:4E:43:ED:E0,,-41.4331665,147.13452148,70:C9:4E,10,unknown,2025-12-02T11:00:00.000Z,2025-12-02T03:00:00.000Z,Launceston,Tasmania,AU,St John Street,7250
70:C9:4E:43:F3:15,Flock,-38.23371124,145.03660583,70:C9:4E,1,wpa2,2026-06-19T06:00:00.000Z,2026-06-20T23:00:00.000Z,Melbourne,Victoria,AU,Mitchell Street,3931
70:C9:4E:43:FB:73,,-27.57675171,151.94036865,70:C9:4E,8,none,2026-06-23T07:00:00.000Z,2026-06-24T02:00:00.000Z,Toowoomba,Queensland,AU,West Street,4250
70:C9:4E:44:16:EB,Flock,-38.23376083,145.03666687,70:C9:4E,1,wpa2,2026-06-19T04:00:00.000Z,2026-06-20T23:00:00.000Z,Melbourne,Victoria,AU,Mitchell Street,3931
70:C9:4E:44:9D:F5,,36.12005997,-115.19133759,70:C9:4E,0,unknown,2024-08-04T22:00:00.000Z,2024-08-11T14:00:00.000Z,,NV,US,West Viking Road,89103-4009
70:C9:4E:44:BF:E9,,36.01463318,-115.16202545,70:C9:4E,0,unknown,2024-07-28T07:00:00.000Z,2024-08-03T17:00:00.000Z,,NV,US,,89183
70:C9:4E:44:C5:D7,,36.1163826,-115.11473846,70:C9:4E,0,unknown,2024-07-28T04:00:00.000Z,2024-08-03T17:00:00.000Z,,NV,US,,89119-5253
70:C9:4E:45:89:91,i1150WN-58338960,-33.87610245,151.10391235,70:C9:4E,6,none,2020-07-23T12:00:00.000Z,2026-06-06T23:00:00.000Z,Sydney,New South Wales,AU,Burwood Road,2134
70:C9:4E:46:4E:D9,,34.59999847,-82.75579834,70:C9:4E,1,unknown,2025-07-25T21:00:00.000Z,2025-07-27T11:00:00.000Z,,SC,US,Clemson Highway,29670
70:C9:4E:46:55:B0,,37.6503067,-97.46022034,70:C9:4E,153,unknown,2026-05-23T04:00:00.000Z,2026-05-23T11:00:00.000Z,Wichita,KS,US,West Pawnee Street,67215
70:C9:4E:47:95:DF,,36.10420227,-115.11587524,70:C9:4E,0,unknown,2024-07-28T04:00:00.000Z,2024-08-03T17:00:00.000Z,,NV,US,La Fortuna Avenue,89119-5253
70:C9:4E:47:D1:A1,,33.98207474,-118.46057129,70:C9:4E,6,wpa2,2026-06-30T01:00:00.000Z,2026-07-11T23:00:00.000Z,Inglewood,CA,US,Via Marina,90292
70:C9:4E:47:F3:34,,44.9584465,-93.14740753,70:C9:4E,7,unknown,2024-07-20T20:00:00.000Z,2024-07-20T22:00:00.000Z,Saint Paul,MN,US,West Edmund Avenue,55104
70:C9:4E:48:1E:8D,TOSHIBA-AP4294,29.55987167,106.57326508,70:C9:4E,64,wpa2,2024-03-29T09:00:00.000Z,2024-11-21T01:00:00.000Z,渝中区,重庆市,CN,解放碑地下环道,400000
70:C9:4E:48:59:80,,27.7817173,-82.72215271,70:C9:4E,40,unknown,2025-02-11T23:00:00.000Z,2025-02-11T19:00:00.000Z,Saint Petersburg,FL,US,9th Avenue North,33710
70:C9:4E:48:5D:AB,,33.99842072,-81.03430176,70:C9:4E,36,wpa2,2026-05-05T14:00:00.000Z,2026-05-05T14:00:00.000Z,Columbia,SC,US,Assembly Street,29201
70:C9:4E:48:5F:57,,29.98740768,-97.75866699,70:C9:4E,161,unknown,2026-03-03T16:00:00.000Z,2026-03-03T09:00:00.000Z,Niederwald,TX,US,Camino Real,
70:C9:4E:48:6A:F5,,42.28001404,-71.06575775,70:C9:4E,1,wpa2,2026-06-28T02:00:00.000Z,2026-06-27T19:00:00.000Z,Boston,MA,US,Gallivan Boulevard,02124
70:C9:4E:49:91:6E,,38.20020676,-85.57161713,70:C9:4E,0,wpa2,2026-04-01T09:00:00.000Z,2026-04-01T11:00:00.000Z,,KY,US,Taylorsville Road,40299
70:C9:4E:49:9D:15,,37.47866058,-120.84674835,70:C9:4E,10,unknown,2024-09-02T02:00:00.000Z,2024-09-02T16:00:00.000Z,Turlock,CA,US,Larchwood Court,95380
70:C9:4E:49:C8:07,,41.84438705,-73.5963974,70:C9:4E,0,none,2024-06-17T20:00:00.000Z,2025-10-03T11:00:00.000Z,,NY,US,US 44,12545
70:C9:4E:4A:52:0D,,47.1668129,11.86339188,70:C9:4E,7,unknown,2024-10-25T13:00:00.000Z,2024-10-25T06:00:00.000Z,,Tirol,AT,Pfarrer-Krapf-Straße,6290
70:C9:4E:4A:F5:8B,,27.78797722,-82.65188599,70:C9:4E,0,unknown,2025-09-12T22:00:00.000Z,2025-09-15T19:00:00.000Z,Saint Petersburg,FL,US,17th Avenue North,33704
70:C9:4E:4A:F7:80,,40.72011948,-74.0668335,70:C9:4E,1,unknown,2025-06-02T14:00:00.000Z,2025-07-07T07:00:00.000Z,Jersey City,NJ,US,Summit Avenue,07302:07306
70:C9:4E:4C:A6:A9,,39.35151672,-76.52209473,70:C9:4E,3,unknown,2026-05-23T21:00:00.000Z,2026-05-23T17:00:00.000Z,,MD,US,Dale Avenue,21206
70:C9:4E:4C:AD:DB,,34.51943207,-82.65547943,70:C9:4E,13,unknown,2025-07-25T20:00:00.000Z,2025-07-25T14:00:00.000Z,Anderson,SC,US,North Main Street,29621
70:C9:4E:4C:B1:AC,,41.58040237,-93.74188232,70:C9:4E,5,unknown,2026-07-03T01:00:00.000Z,2026-07-02T19:00:00.000Z,West Des Moines,IA,US,Vine Street,50265
70:C9:4E:4C:C5:C9,,27.71927452,-82.67023468,70:C9:4E,8,unknown,2025-08-15T21:00:00.000Z,2025-11-26T13:00:00.000Z,Saint Petersburg,FL,US,54th Avenue South,33712
70:C9:4E:4C:E4:86,,41.69553375,-92.32112122,70:C9:4E,1,unknown,2022-07-30T20:00:00.000Z,2026-07-12T09:00:00.000Z,,IA,US,I 80,52347
70:C9:4E:4C:EC:46,,36.0877533,-115.03436279,70:C9:4E,0,unknown,2025-05-16T22:00:00.000Z,2025-05-20T15:00:00.000Z,,NV,US,Boulder Highway,89122-7451
70:C9:4E:4C:F5:C1,,30.04378891,-95.48176575,70:C9:4E,1,unknown,2024-07-22T00:00:00.000Z,2024-07-22T00:00:00.000Z,,TX,US,Sorrel Ridge Drive,77388
70:C9:4E:4D:50:76,ESC-425 7957,40.18474197,44.51688004,70:C9:4E,11,wpa2,2026-02-15T12:00:00.000Z,2026-02-16T04:00:00.000Z,Երևան,Երևան,AM,Տերյան փողոց,0001
70:C9:4E:4E:0E:13,DIRECT-LZLAPTOP-2AQ2IJV5msYS,59.9274292,10.86655998,70:C9:4E,1,wpa2,2024-08-31T16:00:00.000Z,2025-10-18T02:00:00.000Z,Oslo,Bjerkly,NO,Pilestien,0675
70:C9:4E:4E:19:40,DIRECT-WOLAPTOP-D9DAJKA1msFJ,-26.24285316,27.98302269,70:C9:4E,4,wpa2,2024-09-03T13:00:00.000Z,2024-09-14T04:00:00.000Z,Johannesburg,Gauteng,ZA,Recreation Road,2001
70:C9:4E:4E:38:82,DIRECT-QLLAPTOP-E2CO0CHDmsGM,35.5268631,-106.1581192,70:C9:4E,11,wpa2,2019-12-28T17:00:00.000Z,2025-03-08T22:00:00.000Z,,NM,US,I 25,
70:C9:4E:50:1E:47,i-Scan@80CE624878B,25.54321671,-100.94918823,70:C9:4E,1,wpa2,2023-03-16T19:00:00.000Z,2024-10-24T17:00:00.000Z,,Coahuila,MX,Calle Gustavo Espinosa Mireles,25900
70:C9:4E:50:31:39,DESKTOP-OVOG3QN 7711,19.37218094,-99.146698,70:C9:4E,11,wpa2,2025-02-03T00:00:00.000Z,2025-02-11T17:00:00.000Z,Ciudad de México,Colonia Albert,MX,Calle Santa Cruz,03660
70:C9:4E:50:32:2B,recepcia3-wifi,48.16389084,17.13876343,70:C9:4E,11,wpa2,2019-03-27T16:00:00.000Z,2026-04-02T07:00:00.000Z,Bratislava,Bratislavský kraj,SK,Bajkalská,831 04
70:C9:4E:50:4B:3B,DESKTOP-6O64463 6597,19.44086075,-99.16181183,70:C9:4E,11,wpa2,2025-07-24T19:00:00.000Z,2025-11-25T20:00:00.000Z,Ciudad de México,Colonia San Rafael Ticomán,MX,Calle Ignacio Altamirano,06470
70:C9:4E:50:F3:3E,,51.45376968,11.98365879,70:C9:4E,0,unknown,2026-03-15T12:00:00.000Z,2026-03-29T09:00:00.000Z,Halle,Sachsen-Anhalt,DE,Merseburger Straße,06130
70:C9:4E:51:D9:3D,DIRECT-NTDESKTOP-RIH869NmsM1,47.8794632,-122.20681763,70:C9:4E,1,wpa2,2023-07-26T12:00:00.000Z,2025-04-14T05:00:00.000Z,Everett,WA,US,Bothell-Everett Highway,98208
70:C9:4E:51:D9:CF,DESKTOP-P9451PM 0686,47.55031967,-122.38167572,70:C9:4E,11,wpa2,2021-03-23T12:00:00.000Z,2025-01-15T11:00:00.000Z,Seattle,WA,US,39th Avenue Southwest,98126
70:C9:4E:51:FB:C5,,34.52704239,-82.65732574,70:C9:4E,1,unknown,2025-07-28T13:00:00.000Z,2025-07-28T13:00:00.000Z,Anderson,SC,US,Bailey Court,19621
70:C9:4E:52:0D:E9,TERAPIA3 6702,29.08089447,-110.95054626,70:C9:4E,11,wpa2,2024-08-30T02:00:00.000Z,2024-10-24T17:00:00.000Z,Hermosillo,Sonora,MX,Luis Donaldo Colosio,83190
70:C9:4E:52:23:BB,DIRECT-MXDESKTOP-35CQGE1msaP,43.54533005,-116.81362152,70:C9:4E,11,wpa2,2025-03-08T22:00:00.000Z,2025-03-09T01:00:00.000Z,Marsing,ID,US,Main Street,
70:C9:4E:54:A1:47,,41.50187683,-109.45357513,70:C9:4E,48,none,2026-05-30T21:00:00.000Z,2026-05-30T15:00:00.000Z,,WY,US,East Teton Boulevard,82935
70:C9:4E:55:A6:FB,111,-8.09591389,113.75569153,70:C9:4E,10,wpa2,2024-09-15T10:00:00.000Z,2024-09-15T05:00:00.000Z,,Jawa Timur,ID,JI-210,68262
70:C9:4E:56:A6:4F,,51.22431183,7.59366322,70:C9:4E,1,unknown,2025-06-16T08:00:00.000Z,2025-06-17T01:00:00.000Z,,Nordrhein-Westfalen,DE,Orffstraße,58509
70:C9:4E:59:0A:01,,34.04006958,-117.95431519,70:C9:4E,1,wpa2,2026-05-24T20:00:00.000Z,2026-05-24T13:00:00.000Z,La Puente,CA,US,Aldgate Avenue,91744
70:C9:4E:59:6D:31,,33.42556,-112.34003448,70:C9:4E,36,wep,2026-05-19T21:00:00.000Z,2026-05-19T14:00:00.000Z,Avondale,AZ,US,South 9th Street,85323
70:C9:4E:59:9D:CF,,40.77812958,-73.95430756,70:C9:4E,40,wep,2025-11-17T01:00:00.000Z,2025-11-16T20:00:00.000Z,City of New York,NY,US,East 85th Street,10028
70:C9:4E:5A:17:D1,Bajaj Finance,13.00540352,77.5488739,70:C9:4E,11,wpa2,2024-12-29T11:00:00.000Z,2026-03-29T08:00:00.000Z,Bengaluru,Karnataka,IN,Chord Road,560086
70:C9:4E:5A:5A:0F,,40.71055984,-74.06109619,70:C9:4E,5,unknown,2025-06-06T18:00:00.000Z,2025-07-07T07:00:00.000Z,Jersey City,NJ,US,Pine Street,07304
70:C9:4E:5A:CB:09,,38.21907425,-85.60822296,70:C9:4E,0,wpa2,2026-04-01T10:00:00.000Z,2026-04-01T11:00:00.000Z,Louisville,KY,US,Taylorsville Road,40220
70:C9:4E:5B:DD:0D,DESKTOP-H1VQB5H 1042,12.50785637,74.99422455,70:C9:4E,11,wpa2,2025-11-27T13:00:00.000Z,2025-11-27T06:00:00.000Z,,Kerala,IN,kotakani road,671121
70:C9:4E:5C:7F:5F,AGUSPC 0276,-6.22700977,106.80040741,70:C9:4E,11,wpa2,2024-11-11T04:00:00.000Z,2024-11-11T06:00:00.000Z,Daerah Khusus Ibukota Jakarta,Gelora,ID,Jalan Jenderal Sudirman,10270
70:C9:4E:5C:90:EF,DIRECT-NFDESKTOP-K154UBOmsRJ,-0.11233168,-78.29755402,70:C9:4E,1,wpa2,2025-04-12T19:00:00.000Z,2025-04-12T17:00:00.000Z,,Pichincha,EC,El Quinche,170911
70:C9:4E:5C:A5:FF,DIRECT-ULDESKTOP-KUC4CKRmseJ,1.37899673,103.59928894,70:C9:4E,6,wpa2,2023-10-28T15:00:00.000Z,2024-12-29T19:00:00.000Z,Iskandar Puteri,Johor,MY,CIQ Sultan Abu Bakar Tanjung Kupang ke Malaysia (Motosikal),79250
70:C9:4E:5E:1D:89,PC 17,-7.44909048,109.27850342,70:C9:4E,11,wpa2,2026-04-14T05:00:00.000Z,2026-04-14T01:00:00.000Z,,Jawa Tengah,ID,Jalan Supardjo Rustam,53146
70:C9:4E:5E:1E:CB,,36.08028412,-115.05355835,70:C9:4E,0,unknown,2026-04-12T14:00:00.000Z,2026-04-18T15:00:00.000Z,Henderson,NV,US,Whitney Ranch Drive,89112
70:C9:4E:5E:2B:5D,Namira's hotspot,41.90333557,-87.83482361,70:C9:4E,11,wpa2,2025-01-26T19:00:00.000Z,2025-02-11T08:00:00.000Z,,IL,US,1st Avenue,60305
70:C9:4E:5E:32:AF,AL SALAMA,25.35893822,55.38911438,70:C9:4E,7,wpa2,2021-09-09T13:00:00.000Z,2024-12-20T07:00:00.000Z,الشارقة,الشارقة,AE,,20268
70:C9:4E:5E:62:91,hscipb2,-6.59993315,106.80500031,70:C9:4E,11,wpa2,2020-11-26T13:00:00.000Z,2025-05-11T02:00:00.000Z,Bogor,Jawa Barat,ID,Jalan Raya Pajajaran,16127
70:C9:4E:5E:7E:FD,DESKTOP,24.68202782,46.68887329,70:C9:4E,9,wpa2,2026-03-08T21:00:00.000Z,2026-04-17T05:00:00.000Z,,منطقة الرياض,SA,,12211
70:C9:4E:60:95:19,DIRECT-SCDESKTOP-20I3JA2msFE,47.53263855,8.52528667,70:C9:4E,6,wpa2,2025-06-24T16:00:00.000Z,2025-07-31T19:00:00.000Z,,Zürich,CH,Chellerhalsstrasse,8180
70:C9:4E:60:98:65,,37.68548965,-97.33296204,70:C9:4E,1,unknown,2026-05-03T05:00:00.000Z,2026-05-09T18:00:00.000Z,Wichita,KS,US,South Emporia Street,67202
70:C9:4E:60:D3:61,LUGANO,19.51206207,-96.87641144,70:C9:4E,11,wpa2,2024-12-29T22:00:00.000Z,2024-12-29T15:00:00.000Z,Xalapa,Veracruz,MX,Calle Lago de Pátzcuaro,91193
70:C9:4E:60:D3:A3,DIASA_CEDIS01 8194,25.70042801,-100.37133026,70:C9:4E,11,wpa2,2026-02-27T21:00:00.000Z,2026-02-27T13:00:00.000Z,Monterrey,Nuevo León,MX,Boulevard Rogelio Cantú Gómez,64610
70:C9:4E:61:19:A3,DIRECT-ZEDESKTOP-J98SS5PmsDZ,-38.07954788,145.2747345,70:C9:4E,10,wpa2,2023-09-12T03:00:00.000Z,2024-08-19T21:00:00.000Z,Melbourne,Victoria,AU,South Gippsland Highway,3977
70:C9:4E:61:1A:45,yoryina,4.62090588,-74.06978607,70:C9:4E,11,wpa2,2026-02-09T18:00:00.000Z,2026-02-09T12:00:00.000Z,Bogotá,UPZs Localidad Santa Fe,CO,Avenida Carrera 14,110311
70:C9:4E:61:1F:1B,chacha,-6.24115038,106.87730408,70:C9:4E,11,wpa2,2024-08-21T02:00:00.000Z,2024-08-21T07:00:00.000Z,Daerah Khusus Ibukota Jakarta,Jatinegara,ID,Jalan D.I. Panjaitan,13340
70:C9:4E:61:1F:95,DIRECT-WVDIVISI2-KEU-06msky,-6.24069452,106.87758636,70:C9:4E,1,wpa2,2024-10-10T07:00:00.000Z,2024-10-26T17:00:00.000Z,Daerah Khusus Ibukota Jakarta,Jatinegara,ID,Trans Jakarta Busway Koridor 10,13420
70:C9:4E:61:37:89,111,27.8500824,-82.63879395,70:C9:4E,1,wpa2,2019-05-06T21:00:00.000Z,2025-03-08T21:00:00.000Z,Saint Petersburg,FL,US,4th Street North,33702
70:C9:4E:61:5A:05,SIGNALNIYPC 4230,55.7626915,37.47305679,70:C9:4E,11,unknown,2026-01-29T17:00:00.000Z,2026-01-29T11:00:00.000Z,Москва,Москва,RU,проектируемый проезд № 1166,123423
70:C9:4E:63:32:FB,,43.64696121,-116.39349365,70:C9:4E,44,wep,2025-01-09T22:00:00.000Z,2025-01-09T14:00:00.000Z,Meridian,ID,US,North Meridian Road,83646
70:C9:4E:65:72:E7,,45.63360214,-73.59038544,70:C9:4E,0,unknown,2025-06-09T17:00:00.000Z,2025-06-14T11:00:00.000Z,Montréal,Québec,CA,Avenue Clément Ader,H1E 5M9
70:C9:4E:65:AA:E0,,48.63822174,12.48490429,70:C9:4E,165,unknown,2025-02-26T17:00:00.000Z,2025-02-27T01:00:00.000Z,,Bayern,DE,Brumather Straße,84130
70:C9:4E:67:E5:85,Flock,43.78404236,-79.39582062,70:C9:4E,1,wpa2,2026-06-14T14:00:00.000Z,2026-06-18T10:00:00.000Z,Toronto,Ontario,CA,Finch Avenue East,M2N 4S5
70:C9:4E:68:F3:40,,48.21220779,12.13274479,70:C9:4E,3,unknown,2025-02-26T15:00:00.000Z,2025-02-27T01:00:00.000Z,Sankt Wolfgang,Bayern,DE,Lappacher Straße,84427
70:C9:4E:69:B9:3D,KEPO LO !!,-6.24016094,106.82704926,70:C9:4E,11,wpa2,2001-01-01T00:00:00.000Z,2025-06-27T04:00:00.000Z,Daerah Khusus Ibukota Jakarta,Mampang Prapatan,ID,Jalan Kapten Tendean,12790
70:C9:4E:6C:52:F7,,51.30954361,9.45290947,70:C9:4E,1,unknown,2026-02-18T11:00:00.000Z,2026-02-18T08:00:00.000Z,Kassel,Hessen,DE,Virchowstraße,34121
70:C9:4E:6D:C9:B1,,30.24653244,-81.59152222,70:C9:4E,3,unknown,2024-08-17T01:00:00.000Z,2024-08-17T14:00:00.000Z,Jacksonville,FL,US,I 95,32217
70:C9:4E:6D:CB:2F,,40.77169037,-73.9848175,70:C9:4E,8,unknown,2024-10-19T12:00:00.000Z,2024-10-19T05:00:00.000Z,City of New York,NY,US,West 62nd Street,10023
70:C9:4E:6D:CB:41,,45.50298691,-73.569664,70:C9:4E,0,unknown,2025-04-17T06:00:00.000Z,2025-04-17T17:00:00.000Z,Montréal,Québec,CA,Boulevard Robert-Bourassa,H3B 1M7
70:C9:4E:6D:E2:1B,,45.5688858,-73.75023651,70:C9:4E,0,unknown,2025-04-10T05:00:00.000Z,2025-04-10T16:00:00.000Z,Laval (13),Québec,CA,Allée intérieure Carrefour Laval,H7T 1C7
70:C9:4E:6D:EF:33,,30.19696426,-98.10559082,70:C9:4E,0,unknown,2026-02-11T10:00:00.000Z,2026-02-11T13:00:00.000Z,Dripping Springs,TX,US,West US Highway 290,78620
70:C9:4E:6D:F1:97,,30.34976959,-97.39351654,70:C9:4E,0,unknown,2025-01-13T12:00:00.000Z,2025-01-18T12:00:00.000Z,Elgin,TX,US,Roy Rivers Road,78621
70:C9:4E:70:2A:01,,53.72064209,91.44815826,70:C9:4E,5,unknown,2026-04-15T11:00:00.000Z,2026-04-15T07:00:00.000Z,Абакан,Республика Хакасия,RU,улица Вяткина,655019
70:C9:4E:70:F9:CB,Olszanski-5G-ext,39.09421158,-94.45624542,70:C9:4E,157,wpa2,2024-10-20T14:00:00.000Z,2024-10-20T08:00:00.000Z,Independence,MO,US,South Ash Avenue,64052
70:C9:4E:71:38:93,DESKTOP-T5G1586 7198,-26.09188271,27.94609261,70:C9:4E,11,wpa2,2024-02-21T04:00:00.000Z,2024-10-05T07:00:00.000Z,Randburg,Gauteng,ZA,Kelly Avenue,2118
70:C9:4E:72:08:79,,45.5236702,-73.59424591,70:C9:4E,0,unknown,2023-06-05T10:00:00.000Z,2025-04-03T15:00:00.000Z,Montréal,Québec,CA,Boulevard Saint-Laurent,H2T 1R9
70:C9:4E:72:16:E7,DESKTOP-SUJVCJN 5011,41.11004639,-81.34766388,70:C9:4E,6,wpa2,2024-11-09T19:00:00.000Z,2026-06-28T12:00:00.000Z,,OH,US,State Route 43,44240
70:C9:4E:72:47:3D,LOGIKA II,4.76264811,-74.16143036,70:C9:4E,11,wpa2,2025-10-25T20:00:00.000Z,2025-11-06T14:00:00.000Z,,Cundinamarca,CO,Autopista Medellin - La Punta - Siberia,250017
70:C9:4E:72:4A:BD,ARCHIVO 3,6.2391367,-75.5949173,70:C9:4E,11,wpa2,2025-01-24T21:00:00.000Z,2025-01-24T15:00:00.000Z,,Antioquia,CO,Calle 33,0500
70:C9:4E:72:50:35,,27.78082275,-82.7087326,70:C9:4E,44,unknown,2025-08-13T21:00:00.000Z,2025-08-14T11:00:00.000Z,Saint Petersburg,FL,US,9th Avenue North,33710
70:C9:4E:74:BA:47,,39.40626144,-76.44402313,70:C9:4E,9,unknown,2020-07-20T17:00:00.000Z,2024-12-12T15:00:00.000Z,,MD,US,Scott Moore Way,21128
70:C9:4E:75:F0:11,AHO 1505,55.73825073,37.64819717,70:C9:4E,11,unknown,2024-10-05T11:00:00.000Z,2024-10-05T06:00:00.000Z,Москва,Москва,RU,Гончарный проезд,115172
70:C9:4E:76:0B:D3,X,19.06433487,-98.23667145,70:C9:4E,11,wpa2,2025-05-21T16:00:00.000Z,2025-05-21T12:00:00.000Z,Municipio de Puebla,Puebla,MX,Boulevard Esteban de Antuñano,72150
70:C9:4E:76:22:53,DESKTOP-D36MTC5 9287,4.56916094,-74.08569336,70:C9:4E,11,wpa2,2025-09-26T00:00:00.000Z,2026-03-07T03:00:00.000Z,Bogotá,San Blas,CO,Carrera 3 Este,110421
70:C9:4E:76:31:A1,,24.6688385,-81.34272766,70:C9:4E,11,unknown,2024-10-06T17:00:00.000Z,2024-10-06T11:00:00.000Z,,FL,US,Overseas Highway,33043
70:C9:4E:76:43:D5,DESKTOP-A06MA6K 3206,51.12285233,12.49656487,70:C9:4E,11,wpa2,2023-10-30T12:00:00.000Z,2025-04-01T08:00:00.000Z,,Sachsen,DE,Bahnhofstraße,04552
70:C9:4E:77:B8:A9,DESKTOP-TK8984M 7411,26.22148514,50.52228546,70:C9:4E,11,wpa2,2025-01-06T10:00:00.000Z,2025-01-09T18:00:00.000Z,,محافظة العاصمة,BH,شارع الشيخ خليفة بن سلمان,426
70:C9:4E:77:C0:F7,AUDI-AUDITOR1 9339,21.00279617,-89.56056976,70:C9:4E,11,wpa2,2025-06-24T20:00:00.000Z,2025-07-28T13:00:00.000Z,Mérida,Yucatán,MX,Calle 2,97138
70:C9:4E:77:DA:A7,DESKTOP 9286,26.22187805,50.52239227,70:C9:4E,11,wpa2,2025-09-22T12:00:00.000Z,2025-10-06T20:00:00.000Z,,محافظة العاصمة,BH,شارع الشيخ خليفة بن سلمان,426
70:C9:4E:77:DB:6D,,45.48946381,-73.7199173,70:C9:4E,0,unknown,2022-03-07T23:00:00.000Z,2025-07-08T15:00:00.000Z,Montréal,Québec,CA,Route Transcanadienne,H4S 1C8
70:C9:4E:78:3E:C9,,36.15792465,-115.27362823,70:C9:4E,44,wep,2025-10-03T22:00:00.000Z,2025-10-03T15:00:00.000Z,Las Vegas,NV,US,South Tomsik Street,89145
70:C9:4E:78:EF:C9,,45.51833344,-73.65613556,70:C9:4E,0,unknown,2025-04-04T10:00:00.000Z,2025-07-11T18:00:00.000Z,,Québec,CA,Chemin Athlone,H4N2P1
70:C9:4E:79:80:3F,,27.99132156,-82.73918152,70:C9:4E,9,unknown,2025-02-11T00:00:00.000Z,2025-02-10T18:00:00.000Z,Palm Harbor,FL,US,Michael Lane,33763
70:C9:4E:79:94:37,,26.76043892,-80.12639618,70:C9:4E,6,wpa2,2026-07-07T17:00:00.000Z,2026-07-07T12:00:00.000Z,West Palm Beach,FL,US,Premier Park Drive,33417
70:C9:4E:79:C5:2B,estamosricos.com,4.68501186,-74.12997437,70:C9:4E,11,wpa2,2025-04-10T18:00:00.000Z,2025-12-09T06:00:00.000Z,Bogotá,San José de Fontibón,CO,Carrera 99,110911
70:C9:4E:7A:98:1B,,-27.56283569,151.95172119,70:C9:4E,0,none,2026-06-25T23:00:00.000Z,2026-06-25T22:00:00.000Z,Toowoomba,Queensland,AU,Duggan Street,4350
70:C9:4E:7A:A1:B3,,40.00969315,-85.77161407,70:C9:4E,8,unknown,2024-04-06T11:00:00.000Z,2024-09-16T12:00:00.000Z,,IN,US,Corporation Drive,46064
70:C9:4E:7A:A3:4B,i-Scan@70C94E7AA34,-16.49403954,-68.14086914,70:C9:4E,1,wpa2,2026-06-18T19:00:00.000Z,2026-06-18T14:00:00.000Z,La Paz,La Paz,BO,Plaza Eguino,020101
70:C9:4E:7A:AF:93,cancha p3,1.62783551,-75.59677124,70:C9:4E,11,wpa2,2026-03-01T01:00:00.000Z,2026-03-21T22:00:00.000Z,Perímetro Urbano Florencia,Caquetá,CO,Calle 16,180002
70:C9:4E:7A:C6:B1,EDUC-SALA1PC32 6399,1.61555672,-75.60434723,70:C9:4E,4,wpa2,2025-08-02T00:00:00.000Z,2025-08-01T18:00:00.000Z,Perímetro Urbano Florencia,Caquetá,CO,Transversal 6,180002
70:C9:4E:7A:C8:F7,EDUC-SALA1PC7 9429,1.61508048,-75.60449982,70:C9:4E,10,wpa2,2026-02-26T23:00:00.000Z,2026-02-26T20:00:00.000Z,Perímetro Urbano Florencia,Caquetá,CO,,180002
70:C9:4E:7A:CB:C5,i-Scan@70C94E7ACBC,-33.42622757,-70.61557007,70:C9:4E,6,wpa2,2026-07-01T17:00:00.000Z,2026-07-01T12:00:00.000Z,Providencia,Región Metropolitana de Santiago,CL,Avenida Providencia,7500000
70:C9:4E:7B:81:AB,Flock,59.36861038,18.02562714,70:C9:4E,1,wpa2,2026-05-18T10:00:00.000Z,2026-05-18T05:00:00.000Z,,Stockholms län,SE,Haga baksidan,169 70
70:C9:4E:7B:83:5F,Flock,59.36861038,18.02560806,70:C9:4E,1,wpa2,2026-05-18T10:00:00.000Z,2026-05-18T05:00:00.000Z,,Stockholms län,SE,Haga baksidan,169 70
70:C9:4E:7E:AF:E1,8CC815061F-W10 9718,50.08494186,14.41666889,70:C9:4E,11,wpa2,2025-08-08T18:00:00.000Z,2025-10-21T08:00:00.000Z,Hlavní město Praha,Praha,CZ,Zlatá,11000
70:C9:4E:7E:C4:1D,DIRECT-AQDESKTOP-PPE5ARPmsVH,33.44708633,-111.92575836,70:C9:4E,11,wpa2,2019-08-19T20:00:00.000Z,2025-03-08T20:00:00.000Z,Tempe,AZ,US,North Scottsdale Road,85281
70:C9:4E:7E:C9:0F,Flock,40.37228775,-111.78263092,70:C9:4E,1,wpa2,2026-06-18T12:00:00.000Z,2026-07-02T10:00:00.000Z,,UT,US,South 600 East,84003
70:C9:4E:7F:5F:99,Flock,34.80284882,-82.31868744,70:C9:4E,1,wpa2,2026-06-24T13:00:00.000Z,2026-06-24T08:00:00.000Z,Greenville,SC,US,Laurens Road,29607
70:C9:4E:7F:61:01,,33.65229416,-86.82299805,70:C9:4E,48,unknown,2025-03-11T21:00:00.000Z,2025-03-12T13:00:00.000Z,,AL,US,Fieldstown Road,35071
70:C9:4E:7F:64:E1,Flock,42.25683594,-71.03514862,70:C9:4E,1,wpa2,2026-05-04T21:00:00.000Z,2026-05-05T08:00:00.000Z,,MA,US,Adams Street,02171
70:C9:4E:7F:65:D7,,37.68522644,-97.32765961,70:C9:4E,44,unknown,2026-04-28T07:00:00.000Z,2026-04-28T08:00:00.000Z,Wichita,KS,US,South Rock Island,67202
70:C9:4E:7F:69:0D,Flock,38.65602112,-121.52010345,70:C9:4E,1,wpa2,2026-06-13T14:00:00.000Z,2026-07-06T20:00:00.000Z,Sacramento,CA,US,Del Paso Road,95835
70:C9:4E:7F:6B:AB,,27.71947861,-82.64649963,70:C9:4E,36,unknown,2025-03-04T20:00:00.000Z,2025-03-13T20:00:00.000Z,Saint Petersburg,FL,US,54th Avenue South,33712
70:C9:4E:7F:6B:DD,,27.75940704,-82.64660645,70:C9:4E,104,unknown,2025-02-27T22:00:00.000Z,2025-03-14T19:00:00.000Z,Saint Petersburg,FL,US,Doctor Martin Luther King Junior Street South,33705-1903
70:C9:4E:7F:6C:07,,33.22825623,-86.80379486,70:C9:4E,40,unknown,2026-03-21T19:00:00.000Z,2026-03-22T08:00:00.000Z,,AL,US,1st Street South,35007
70:C9:4E:7F:6D:47,,39.7615509,-86.22517395,70:C9:4E,2,wpa2,2026-07-09T13:00:00.000Z,2026-07-09T07:00:00.000Z,Indianapolis,IN,US,South Holt Road,46222
70:C9:4E:80:4B:99,,30.00276566,-97.73722839,70:C9:4E,157,unknown,2026-03-28T15:00:00.000Z,2026-03-28T12:00:00.000Z,Niederwald,TX,US,Camino Real,
70:C9:4E:80:62:81,,26.7755127,-80.11595917,70:C9:4E,11,wpa2,2026-07-02T03:00:00.000Z,2026-07-01T21:00:00.000Z,West Palm Beach,FL,US,Haverhill Road,33407
70:C9:4E:83:44:EF,A-HATILLO 0317,18.48771286,-66.7849884,70:C9:4E,11,wpa2,2024-01-29T15:00:00.000Z,2025-02-04T11:00:00.000Z,,PR,US,Carretera Militar,00613
70:C9:4E:83:71:F1,COOVERACRUZZ,4.22839499,-74.62052155,70:C9:4E,11,wpa2,2026-01-06T20:00:00.000Z,2026-01-06T18:00:00.000Z,,Tolima,CO,40,734001
70:C9:4E:83:76:F3,DIRECT-EUDESKTOP-88QSKC0ARYB,-6.24592447,106.79810333,70:C9:4E,1,wpa2,2024-11-01T08:00:00.000Z,2024-11-30T03:00:00.000Z,Daerah Khusus Ibukota Jakarta,Melawai,ID,Jalan Panglima Polim Raya,12160
70:C9:4E:83:9E:83,verizon-5G-ext,40.93809891,-74.02091217,70:C9:4E,157,wpa2,2026-06-09T13:00:00.000Z,2026-06-09T16:00:00.000Z,,NJ,US,Mc Kinley Avenue,07646
70:C9:4E:84:DF:C3,,47.21487045,-122.47432709,70:C9:4E,48,wep,2025-06-21T18:00:00.000Z,2025-06-21T18:00:00.000Z,Tacoma,WA,US,South 47th Street,98409
70:C9:4E:87:E6:FD,,40.66314697,-73.95180511,70:C9:4E,44,wep,2025-02-07T20:00:00.000Z,2025-02-07T12:00:00.000Z,City of New York,NY,US,Sterling Street,11225
70:C9:4E:88:88:9D,DIRECT-GP06PC-FRANKmsVj,52.42545319,13.00078487,70:C9:4E,1,wpa2,2026-05-25T12:00:00.000Z,2026-05-25T07:00:00.000Z,Potsdam,Brandenburg,DE,Rückertstraße,14469
70:C9:4E:88:8A:D9,DESKTOP-PK58CSJ 9040,64.57335663,40.5209198,70:C9:4E,1,unknown,2025-07-08T17:00:00.000Z,2025-07-09T04:00:00.000Z,Архангельск,Архангельская область,RU,улица Закемовского,163020
70:C9:4E:88:AB:19,DIRECT-PIDESKTOP-5GSAQGNmsKf,34.50407028,-112.68538666,70:C9:4E,1,wpa2,2019-09-22T00:00:00.000Z,2025-03-08T20:00:00.000Z,,AZ,US,Old Highway,
70:C9:4E:88:B2:4B,IT_MGR2 0696,10.650033,-61.51131439,70:C9:4E,11,wpa2,2025-08-25T17:00:00.000Z,2025-08-25T10:00:00.000Z,Port of Spain,Port of Spain,TT,Independence Square,150123
70:C9:4E:88:CC:C1,Davideolabster,14.82246304,120.96595764,70:C9:4E,11,wpa2,2025-08-12T05:00:00.000Z,2025-08-11T23:00:00.000Z,,Bulacan,PH,J.P. Rizal Street,3022
70:C9:4E:88:E3:ED,QHC OPD WFI,3.04773521,101.58718872,70:C9:4E,11,wpa2,2025-04-06T11:00:00.000Z,2025-05-11T03:00:00.000Z,Subang Jaya,Selangor,MY,Jalan USJ 9/5S,47610
70:C9:4E:89:DB:E3,,42.65074921,-70.93937683,70:C9:4E,0,unknown,2024-12-04T15:00:00.000Z,2025-02-10T08:00:00.000Z,,MA,US,Ipswich Road,01983
70:C9:4E:8B:F3:DF,,51.46288681,-0.10799461,70:C9:4E,149,wep,2026-04-03T09:00:00.000Z,2026-04-03T06:00:00.000Z,London,England,GB,Coldharbour Lane,SW9 8QH
70:C9:4E:8D:40:57,DESKTOP-11NKV3U 8028,48.199646,17.19762993,70:C9:4E,11,wpa2,2022-10-08T11:00:00.000Z,2026-06-23T23:00:00.000Z,Bratislava,Bratislavský kraj,SK,Pri starom letisku,830 06
70:C9:4E:90:7D:43,sharan,13.09083462,80.28964996,70:C9:4E,11,wpa2,2024-09-15T10:00:00.000Z,2024-09-15T07:00:00.000Z,Chennai,Tamil Nadu,IN,Errabalu Chetty Street,600001
70:C9:4E:90:80:81,DIRECT-G2DESKTOP-B3E7B66msCI,45.02365875,38.96815491,70:C9:4E,11,unknown,2025-08-05T13:00:00.000Z,2025-08-05T06:00:00.000Z,Краснодар,Краснодарский край,RU,Рашпилевская улица,350000
70:C9:4E:90:86:63,Flock,29.68964386,-95.50305939,70:C9:4E,1,wpa2,2026-05-11T01:00:00.000Z,2026-05-11T04:00:00.000Z,Houston,TX,US,Bissonnet Street,77074
70:C9:4E:92:FA:F3,,-27.59801292,151.86956787,70:C9:4E,149,none,2026-06-23T04:00:00.000Z,2026-06-22T22:00:00.000Z,,Queensland,AU,Maculan Crescent,
70:C9:4E:96:12:51,2146home-5G-ext,42.92323303,-85.63348389,70:C9:4E,157,wpa2,2025-05-08T22:00:00.000Z,2025-05-08T18:00:00.000Z,Grand Rapids,MI,US,Kalamazoo Avenue Southeast,49508
70:C9:4E:96:26:7F,DESKTOP-5KECO1M 2443,33.49998856,-112.18013763,70:C9:4E,11,wpa2,2026-03-21T17:00:00.000Z,2026-03-21T13:00:00.000Z,Phoenix,AZ,US,West Roma Avenue,85031-2607
70:C9:4E:96:3E:B1,DESKTOP-CS9S3JN 3475,-12.06207752,-77.01994324,70:C9:4E,11,wpa2,2026-02-16T14:00:00.000Z,2026-02-17T07:00:00.000Z,La Victoria,Lima,PE,Prolongación Huamanga,15011
70:C9:4E:96:48:F7,DESKTOP-I7LJ45U 7600,38.33574677,-121.97050476,70:C9:4E,11,wpa2,2025-06-23T03:00:00.000Z,2025-06-22T21:00:00.000Z,Vacaville,CA,US,Peabody Road,95687
70:C9:4E:96:49:77,Flock,33.36457825,-111.78492737,70:C9:4E,1,wpa2,2026-05-19T21:00:00.000Z,2026-05-20T15:00:00.000Z,Gilbert,AZ,US,East Guadalupe Road,85234
70:C9:4E:96:6E:11,Influncer channel,38.28491974,-85.75480652,70:C9:4E,6,wpa2,2025-06-05T13:00:00.000Z,2025-06-11T23:00:00.000Z,,IN,US,I 65,47129
70:C9:4E:96:71:E7,MnlRampT3,14.5221777,121.01064301,70:C9:4E,11,wpa2,2021-08-05T04:00:00.000Z,2024-09-30T10:00:00.000Z,Pasay,Metro Manila,PH,Andrews Avenue,1309
70:C9:4E:96:85:DD,,39.74928665,-76.80451965,70:C9:4E,6,unknown,2025-02-17T16:00:00.000Z,2025-02-20T17:00:00.000Z,Codorus Township,PA,US,Sticks Road,17327
70:C9:4E:98:DC:99,ATT4grz6tP-5G-ext,26.23779869,-80.27783966,70:C9:4E,157,wpa2,2026-06-13T14:00:00.000Z,2026-06-15T17:00:00.000Z,Coral Springs,FL,US,Coral Ridge Drive,33071
70:C9:4E:98:DD:6B,foster0822-5G-ext,39.62295151,-119.70083618,70:C9:4E,149,wpa2,2024-04-18T23:00:00.000Z,2026-07-10T22:00:00.000Z,,NV,US,Fen Way,89441
70:C9:4E:98:EF:99,Gan-Outside-5G-ext,40.76661301,-73.7641983,70:C9:4E,157,wpa2,2025-04-14T16:00:00.000Z,2025-04-14T12:00:00.000Z,City of New York,NY,US,39th Avenue,11361
70:C9:4E:99:80:CB,WiFi Extender 5G,39.34076691,-85.48776245,70:C9:4E,157,unknown,2025-03-07T01:00:00.000Z,2025-03-06T23:00:00.000Z,,IN,US,North Michigan Avenue,47240
70:C9:4E:9C:16:7D,,39.59044266,-119.78526306,70:C9:4E,44,wep,2026-03-24T00:00:00.000Z,2026-03-29T21:00:00.000Z,,NV,US,Sidehill Drive,89433-7303
70:C9:4E:9C:6F:53,,38.42372894,-78.87257385,70:C9:4E,165,wep,2025-06-06T19:00:00.000Z,2025-06-06T16:00:00.000Z,Harrisonburg,VA,US,Port Republic Road,22801
70:C9:4E:9C:DB:7F,ClickShare-1873205721,47.38549423,8.51619911,70:C9:4E,36,wpa2,2025-09-04T12:00:00.000Z,2025-09-10T08:00:00.000Z,Zürich,Zürich,CH,Gleisbogen,8010
70:C9:4E:9D:01:43,Raum Zwilling - Clickshare,51.16291428,7.07895994,70:C9:4E,36,wpa2,2022-11-22T14:00:00.000Z,2026-04-17T03:00:00.000Z,,Nordrhein-Westfalen,DE,Grünewalder Straße,42657
70:C9:4E:9D:09:77,ClickShare-AJF,46.22259903,6.14961529,70:C9:4E,36,wpa2,2025-08-01T21:00:00.000Z,2025-08-01T15:00:00.000Z,Genève,Genève,CH,Rue de Lausanne,1202
70:C9:4E:9D:11:27,ClickShare-EPIC,48.31235504,14.29908466,70:C9:4E,1,wpa2,2022-01-21T14:00:00.000Z,2026-03-04T23:00:00.000Z,Linz,Oberösterreich,AT,Peter-Behrens-Platz,4020
70:C9:4E:9D:17:59,Click-Share-Bespr. klein 1.OG,47.25218201,11.40094948,70:C9:4E,36,wpa2,2020-01-10T06:00:00.000Z,2026-07-15T08:00:00.000Z,Innsbruck,Tirol,AT,Klostergasse,6020
70:C9:4E:9D:17:7B,ClickShare-FDP-Meeting-Room,50.08187866,8.24252415,70:C9:4E,36,wpa2,2022-11-26T18:00:00.000Z,2025-10-10T03:00:00.000Z,Wiesbaden,Hessen,DE,Schlossplatz,65183
70:C9:4E:9D:19:E5,ClickShare-DRK-Nordhorn,52.42421722,7.05767012,70:C9:4E,6,wpa2,2024-12-27T11:00:00.000Z,2025-10-08T09:00:00.000Z,,Niedersachsen,DE,Kanalweg,48529
70:C9:4E:9D:26:DD,ClickShare-Besprechungsraum Gr.,52.50487518,13.34243679,70:C9:4E,36,wep,2021-09-03T23:00:00.000Z,2025-12-05T07:00:00.000Z,Berlin,Tiergarten,DE,Kurfürstenstraße,10787
70:C9:4E:9D:26:F3,ClickShare-1873205626,47.67379761,9.15618229,70:C9:4E,36,wpa2,2021-08-06T07:00:00.000Z,2026-04-11T10:00:00.000Z,Konstanz,Baden-Württemberg,DE,Reichenaustraße,78467
70:C9:4E:9D:27:09,ClickShare-FI-HEL-K772,60.20762253,24.9006424,70:C9:4E,40,wpa2,2021-01-06T00:00:00.000Z,2026-07-06T05:00:00.000Z,Helsinki,Manner-Suomi,FI,Nauvontie,00280
70:C9:4E:9D:27:4B,ClickShare-1873205824,47.03259277,8.29515362,70:C9:4E,36,wpa2,2024-06-01T02:00:00.000Z,2025-02-16T23:00:00.000Z,,Luzern,CH,A2,6011
70:C9:4E:9D:27:6B,ClickShare-1873205619,48.16946411,16.3299427,70:C9:4E,36,wpa2,2024-04-14T07:00:00.000Z,2024-10-21T04:00:00.000Z,Wien,KG Altmannsdorf,AT,Franz-Siller-Weg,1120
70:C9:4E:9D:42:D1,ClickShare-Bespr. gross 1.OG,47.25215912,11.40098,70:C9:4E,48,wpa2,2019-11-22T06:00:00.000Z,2026-07-15T08:00:00.000Z,Innsbruck,Tirol,AT,Klostergasse,6020
70:C9:4E:A0:59:8B,,36.07461548,-115.03469086,70:C9:4E,165,wep,2025-08-29T19:00:00.000Z,2025-08-29T14:00:00.000Z,Henderson,NV,US,,89122-7451
70:C9:4E:A0:9D:2B,,50.0161972,19.89129448,70:C9:4E,40,wep,2025-10-19T14:00:00.000Z,2025-10-19T08:00:00.000Z,,województwo małopolskie,PL,,30-392
70:C9:4E:A2:AB:93,,48.71037292,9.63814831,70:C9:4E,0,unknown,2024-09-17T17:00:00.000Z,2024-09-17T11:00:00.000Z,,Baden-Württemberg,DE,Nördliche Ringstraße,73033
70:C9:4E:A8:09:77,,-33.85105896,151.15362549,70:C9:4E,11,unknown,2024-02-11T23:00:00.000Z,2024-08-04T23:00:00.000Z,,New South Wales,AU,Lyons Road,2047
70:C9:4E:AB:07:49,,30.40705109,-86.63526917,70:C9:4E,11,wep,2026-07-09T15:00:00.000Z,2026-07-13T15:00:00.000Z,,FL,US,Miracle Strip Pkwy Southwest,32548
70:C9:4E:AB:67:AB,,33.72209549,-117.86156464,70:C9:4E,161,wep,2025-01-28T21:00:00.000Z,2025-01-28T16:00:00.000Z,Santa Ana,CA,US,South Kilson Drive,92707
70:C9:4E:AB:89:5D,,40.86006165,-73.05875397,70:C9:4E,48,wep,2026-05-12T22:00:00.000Z,2026-05-12T18:00:00.000Z,,NY,US,Paula Boulevard,11784
70:C9:4E:AC:08:6B,,39.282341,-77.63869476,70:C9:4E,153,wep,2026-04-21T21:00:00.000Z,2026-04-21T16:00:00.000Z,,VA,US,Cooper Run Street,20180
70:C9:4E:AC:09:F1,,19.40696335,-99.16339874,70:C9:4E,157,wep,2025-11-13T19:00:00.000Z,2025-11-13T18:00:00.000Z,Ciudad de México,Colonia Roma Sur,MX,Medellín,06760
70:C9:4E:B0:E4:23,,34.12924194,-117.61320496,70:C9:4E,40,none,2026-05-21T03:00:00.000Z,2026-05-21T17:00:00.000Z,Rancho Cucamonga,CA,US,Holly Street,91701
70:C9:4E:B1:11:8F,,51.10811234,13.6311903,70:C9:4E,48,wep,2025-03-04T23:00:00.000Z,2025-03-04T17:00:00.000Z,,Sachsen,DE,Meißner Straße,01445
70:C9:4E:B1:56:BD,,41.94023895,-103.81346893,70:C9:4E,165,wep,2026-06-14T02:00:00.000Z,2026-06-13T19:00:00.000Z,,NE,US,19th Avenue,69357
70:C9:4E:B1:FE:E3,,37.68508148,-92.6756134,70:C9:4E,48,unknown,2026-05-26T06:00:00.000Z,2026-06-02T23:00:00.000Z,,MO,US,West Madison Avenue,65536
70:C9:4E:B2:5D:29,,44.94868088,-93.14556122,70:C9:4E,4,unknown,2024-07-20T05:00:00.000Z,2024-07-20T00:00:00.000Z,Saint Paul,MN,US,Marshall Avenue,55104
70:C9:4E:B6:91:C3,,33.81358337,-117.9857254,70:C9:4E,6,unknown,2024-07-20T19:00:00.000Z,2024-07-20T21:00:00.000Z,Stanton,CA,US,Palais Road,90680
70:C9:4E:B8:9B:25,DESKTOP-4E5H7FH 1313,18.47574997,-69.90815735,70:C9:4E,11,wpa2,2024-07-25T19:00:00.000Z,2025-03-26T13:00:00.000Z,,Distrito Nacional,DO,Elevado 27 de Febrero,10203
70:C9:4E:B8:BD:5F,DIRECT-SSJANISAKENTSPCmsED,-27.28790855,152.98440552,70:C9:4E,10,wpa2,2024-05-26T02:00:00.000Z,2024-09-09T16:00:00.000Z,,Queensland,AU,Gympie Road,4501
70:C9:4E:B8:EE:D7,,-27.59217644,151.91833496,70:C9:4E,149,none,2026-06-23T00:00:00.000Z,2026-06-22T22:00:00.000Z,Toowoomba,Queensland,AU,Ball Street,4250
70:C9:4E:BA:BC:3D,,-33.68011856,151.2882843,70:C9:4E,3,unknown,2024-02-19T01:00:00.000Z,2024-08-26T16:00:00.000Z,,New South Wales,AU,Ponderosa Parade,2102
70:C9:4E:BB:92:03,,-33.6798439,151.28831482,70:C9:4E,1,unknown,2024-02-19T01:00:00.000Z,2024-08-26T16:00:00.000Z,,New South Wales,AU,Ponderosa Parade,2102
70:C9:4E:C1:10:01,,39.99786758,-85.98383331,70:C9:4E,0,unknown,2024-06-17T09:00:00.000Z,2024-09-16T13:00:00.000Z,,IN,US,Cotton Blossom Drive,46038
70:C9:4E:C3:A0:29,DESKTOP-HP3NLU5 0157,20.56521416,-100.4127121,70:C9:4E,11,wpa2,2025-04-16T17:00:00.000Z,2025-07-25T15:00:00.000Z,Santiago de Querétaro,Municipio de Querétaro,MX,Calle Hacienda Santillán,76180
70:C9:4E:C3:B8:1B,LOLO,41.33623123,69.28486633,70:C9:4E,11,wpa2,2024-08-09T16:00:00.000Z,2024-08-11T03:00:00.000Z,Toshkent,Minor mahalla,UZ,Amir Temur shoh ko'chasi,100000
70:C9:4E:C5:CD:CF,,45.59861755,-73.57926178,70:C9:4E,0,unknown,2025-02-26T05:00:00.000Z,2025-02-28T15:00:00.000Z,Montréal,Québec,CA,Rue Pascal-Gagnon,H1P 2X4
70:C9:4E:C8:05:CD,,36.20852661,-115.23400879,70:C9:4E,161,wep,2026-03-05T15:00:00.000Z,2026-03-05T16:00:00.000Z,Las Vegas,NV,US,Bretton Mews,89108-4577
70:C9:4E:C8:96:21,Lee Stars,31.27764702,-92.4646759,70:C9:4E,11,wpa2,2024-10-31T02:00:00.000Z,2026-06-28T12:00:00.000Z,Alexandria,LA,US,Masonic Drive,71301
70:C9:4E:C8:CE:5B,CAJA-N 3672,24.15966225,-110.31503296,70:C9:4E,9,wpa2,2024-11-26T19:00:00.000Z,2024-11-29T15:00:00.000Z,La Paz,Baja California Sur,MX,Calle Revolución de 1910,23000
70:C9:4E:CB:D8:7C,,47.46430588,7.80053616,70:C9:4E,1,unknown,2025-10-22T13:00:00.000Z,2025-10-24T06:00:00.000Z,,Basel-Landschaft,CH,A2,4450
70:C9:4E:CF:E6:D7,,-37.8007431,145.28721619,70:C9:4E,149,wep,2026-05-31T06:00:00.000Z,2026-05-31T00:00:00.000Z,Melbourne,Victoria,AU,Norton Road,3136
70:C9:4E:DA:41:50,Beeline_2G_F13431_guest,56.03057098,92.83275604,70:C9:4E,4,unknown,2024-08-12T13:00:00.000Z,2024-08-12T08:00:00.000Z,Красноярск,Красноярский край,RU,Северо-Енисейская улица,660000
70:C9:4E:DD:A7:87,,45.64536285,-73.58846283,70:C9:4E,0,unknown,2025-08-19T16:00:00.000Z,2025-10-08T14:00:00.000Z,Montréal,Québec,CA,Avenue Rita-Levi-Montalcini,H1E 4M7
70:C9:4E:E0:3E:C5,,27.79117584,-82.63852692,70:C9:4E,9,unknown,2025-07-25T22:00:00.000Z,2025-08-14T18:00:00.000Z,Saint Petersburg,FL,US,4th Street North,33704
70:C9:4E:E8:C0:E5,,36.0060997,-115.08998871,70:C9:4E,0,unknown,2024-07-20T15:00:00.000Z,2024-07-27T21:00:00.000Z,Henderson,NV,US,Annet Street,89074
70:C9:4E:ED:A7:C9,Flock,43.33069611,-73.63616943,70:C9:4E,1,wpa2,2026-05-13T20:00:00.000Z,2026-05-13T15:00:00.000Z,,NY,US,Quaker Road,12804
70:C9:4E:ED:C5:1F,,37.53216934,-120.79844666,70:C9:4E,6,unknown,2024-09-03T09:00:00.000Z,2024-09-03T15:00:00.000Z,,CA,US,North Sperry Road,
70:C9:4E:ED:CB:E5,,40.75028229,-73.98881531,70:C9:4E,7,unknown,2024-07-10T07:00:00.000Z,2024-10-19T05:00:00.000Z,City of New York,NY,US,West 34th Street,10001
70:C9:4E:ED:EB:B7,sebastian-hotspot,43.6313324,3.91031289,70:C9:4E,1,wep,2026-03-14T10:00:00.000Z,2026-07-05T10:00:00.000Z,,Occitanie,FR,Impasse des Salvias,34170
70:C9:4E:EF:96:CD,,38.20025635,-85.68461609,70:C9:4E,0,wpa2,2026-03-31T20:00:00.000Z,2026-04-01T11:00:00.000Z,Louisville,KY,US,Goldsmith Lane,40218
70:C9:4E:F0:A4:A7,,38.25208282,-85.6532135,70:C9:4E,0,wpa2,2026-01-29T11:00:00.000Z,2026-02-16T19:00:00.000Z,Louisville,KY,US,Willis Avenue,40207
70:C9:4E:F3:25:3B,,48.22348785,16.37375069,70:C9:4E,0,unknown,2026-02-08T09:00:00.000Z,2026-02-08T03:00:00.000Z,Wien,Rembrandtviertel,AT,Rembrandtstraße,1020
70:C9:4E:F5:0B:53,,33.88019943,-118.31038666,70:C9:4E,11,wpa2,2026-05-22T22:00:00.000Z,2026-05-22T15:00:00.000Z,,CA,US,Manhattan Place,90247-3225
70:C9:4E:F5:37:5D,,51.03602219,-114.14818573,70:C9:4E,11,unknown,2025-11-16T07:00:00.000Z,2025-11-16T08:00:00.000Z,Calgary,Alberta,CA,Grand Oaks Drive SW,T3C 0Y8
70:C9:4E:FB:A4:71,,37.55417252,-77.47973633,70:C9:4E,5,unknown,2024-12-12T19:00:00.000Z,2025-02-14T18:00:00.000Z,Richmond,VA,US,Ellwood Avenue,23221
