netid,ssid,trilat,trilong,oui_match,channel,encryption,firsttime,lasttime,city,region,country,road,postalcode
EC:1B:BD:2C:6A:E3,TVHub-200501140,-32.71974182,152.14501953,EC:1B:BD,1,unknown,2025-09-14T01:00:00.000Z,2025-09-13T23:00:00.000Z,,New South Wales,AU,Teramby Road,2315
EC:1B:BD:2C:6A:FA,TVHub-200400962,38.89366531,-77.03193665,EC:1B:BD,1,unknown,2026-01-23T20:00:00.000Z,2026-01-23T13:00:00.000Z,Washington,DC,US,14th Street Northwest,20230
EC:1B:BD:2C:6B:0F,TVHub-200900711,43.0303421,-78.88059235,EC:1B:BD,1,none,2026-06-24T22:00:00.000Z,2026-06-27T00:00:00.000Z,,NY,US,River Road,14120
EC:1B:BD:2C:6B:4F,TVHub-0FER78029,1.24754798,103.8418045,EC:1B:BD,1,unknown,2024-10-29T08:00:00.000Z,2024-10-29T03:00:00.000Z,Singapore,Southwest,SG,Ocean Way,098375
EC:1B:BD:2C:6B:59,TVHub-200400380,30.38560486,-97.69976807,EC:1B:BD,1,none,2023-09-19T19:00:00.000Z,2025-04-26T09:00:00.000Z,Austin,TX,US,Boffi Circle,78758
EC:1B:BD:2C:6B:79,TVHub-200800934,34.86502838,-92.35823059,EC:1B:BD,1,unknown,2023-09-17T00:00:00.000Z,2026-05-12T10:00:00.000Z,,AR,US,I 40;US 65,72113
EC:1B:BD:2C:6E:CD,TVHub-200600154,44.76539993,-85.62164307,EC:1B:BD,1,unknown,2024-09-03T20:00:00.000Z,2024-09-03T14:00:00.000Z,Traverse City,MI,US,East Grandview Parkway,49684
EC:1B:BD:2C:6E:D3,TVHub-200600412,27.76007462,-80.41752625,EC:1B:BD,1,unknown,2024-11-24T20:00:00.000Z,2024-11-24T12:00:00.000Z,,FL,US,FL 510,32970
EC:1B:BD:2C:70:28,TVHub-201000346,-36.84429932,174.75904846,EC:1B:BD,1,unknown,2026-01-18T17:00:00.000Z,2026-01-19T00:00:00.000Z,Auckland,Auckland,NZ,,1001
EC:1B:BD:2C:70:44,TVHub-200600405,39.06955338,-119.779953,EC:1B:BD,1,unknown,2026-07-06T05:00:00.000Z,2026-07-26T15:00:00.000Z,,NV,US,US 395,89705
EC:1B:BD:2C:70:49,TVHub-200800414,41.23515701,-75.657547,EC:1B:BD,1,wpa2,2022-09-10T13:00:00.000Z,2026-02-20T22:00:00.000Z,,PA,US,White Line Trail,
EC:1B:BD:2C:70:4E,TVHub-200600164,33.34638977,-118.32737732,EC:1B:BD,1,unknown,2026-07-28T20:00:00.000Z,2026-07-28T17:00:00.000Z,Avalon,CA,US,Casino Way,90704
EC:1B:BD:2C:70:5A,TVHub-201000734,30.27919197,-87.67565918,EC:1B:BD,1,unknown,2025-03-04T15:00:00.000Z,2025-07-27T15:00:00.000Z,,AL,US,East Canal Drive,36542
EC:1B:BD:2C:70:7D,TVHub-200600411,41.15510178,-73.75222015,EC:1B:BD,1,none,2022-07-24T22:00:00.000Z,2026-07-06T16:00:00.000Z,,NY,US,East Place,10514
EC:1B:BD:2C:70:81,TVHub-200400471,52.13058853,5.04486704,EC:1B:BD,1,unknown,2026-07-31T10:00:00.000Z,2026-07-31T05:00:00.000Z,,Utrecht,NL,Westkanaaldijk,3606AL
EC:1B:BD:2C:70:B0,TVHub-200900607,37.59713364,-0.98284727,EC:1B:BD,1,unknown,2026-05-30T08:00:00.000Z,2026-06-03T06:00:00.000Z,Cartagena,Región de Murcia,ES,Paseo de Alfonso XII,30201
EC:1B:BD:2C:70:E4,TVHub-200400959,35.15174484,-90.02742004,EC:1B:BD,1,none,2020-09-22T09:00:00.000Z,2024-08-31T21:00:00.000Z,Memphis,TN,US,J. W. Williams Lane,38105
EC:1B:BD:2C:73:E1,IRIDIUM-44011,35.32217407,-116.53881073,EC:1B:BD,5,unknown,2021-03-18T13:00:00.000Z,2026-02-18T14:00:00.000Z,,CA,US,,
EC:1B:BD:2C:7E:07,20081999,56.45394135,10.04446697,EC:1B:BD,11,wpa2,2021-06-04T11:00:00.000Z,2025-10-16T02:00:00.000Z,Randers,Region Midtjylland,DK,Halkiersgade,8900
EC:1B:BD:2C:7E:10,20082000,55.70657349,12.54633522,EC:1B:BD,11,wpa2,2023-10-22T01:00:00.000Z,2025-11-29T07:00:00.000Z,København,Region Hovedstaden,DK,Rovsingsgade,2200
EC:1B:BD:2C:7F:EC,20081969,55.47543716,12.18388176,EC:1B:BD,11,wpa2,2021-03-23T22:00:00.000Z,2025-09-02T06:00:00.000Z,,Region Sjælland,DK,Københavnsvej,4600
EC:1B:BD:2C:82:F4,20081963,55.73323441,12.4614706,EC:1B:BD,11,wpa2,2020-09-02T06:00:00.000Z,2026-02-10T06:00:00.000Z,,Region Hovedstaden,DK,Transformervej,2860
EC:1B:BD:2C:82:F8,20081964,55.73327637,12.46143913,EC:1B:BD,11,wpa2,2021-02-26T10:00:00.000Z,2025-06-07T04:00:00.000Z,,Region Hovedstaden,DK,Transformervej,2860
EC:1B:BD:2C:82:FE,20081959,55.73334885,12.46140671,EC:1B:BD,11,wpa2,2021-02-26T10:00:00.000Z,2025-08-24T22:00:00.000Z,,Region Hovedstaden,DK,Transformervej,2860
EC:1B:BD:2C:82:FF,20081957,55.73347092,12.46094418,EC:1B:BD,11,wpa2,2020-09-02T05:00:00.000Z,2026-01-23T05:00:00.000Z,,Region Hovedstaden,DK,Dynamovej,2860
EC:1B:BD:2C:83:07,20081958,55.73335648,12.46137524,EC:1B:BD,11,wpa2,2021-02-26T10:00:00.000Z,2025-08-24T22:00:00.000Z,,Region Hovedstaden,DK,Transformervej,2860
EC:1B:BD:2C:83:0A,20081972,55.47399521,12.18280315,EC:1B:BD,11,wpa2,2025-06-14T12:00:00.000Z,2025-06-14T06:00:00.000Z,,Region Sjælland,DK,Københavnsvej,4600
EC:1B:BD:2C:83:0D,20081979,55.92824173,12.26232338,EC:1B:BD,11,wpa2,2020-09-26T09:00:00.000Z,2026-01-06T07:00:00.000Z,,Region Hovedstaden,DK,Egespurs Alle,3400
EC:1B:BD:2C:83:0E,20081960,55.73348999,12.46099854,EC:1B:BD,11,wpa2,2020-09-02T05:00:00.000Z,2026-07-14T20:00:00.000Z,,Region Hovedstaden,DK,Dynamovej,2860
EC:1B:BD:2C:83:10,20081966,55.47510529,12.18365002,EC:1B:BD,11,wpa2,2021-03-23T22:00:00.000Z,2025-09-02T06:00:00.000Z,,Region Sjælland,DK,Københavnsvej,4600
EC:1B:BD:2C:83:6D,20081980,56.02798843,12.56804276,EC:1B:BD,11,wpa2,2024-05-10T07:00:00.000Z,2025-05-02T09:00:00.000Z,,Region Hovedstaden,DK,Klostermosevej,3070
EC:1B:BD:2C:83:7B,20055140,56.21881485,15.26522064,EC:1B:BD,11,wpa2,2024-08-24T14:00:00.000Z,2024-08-24T10:00:00.000Z,,Blekinge län,SE,Västra Industrigatan,372 35
EC:1B:BD:2C:83:92,20081978,55.47507095,12.18371964,EC:1B:BD,11,wpa2,2025-06-14T12:00:00.000Z,2025-09-02T06:00:00.000Z,,Region Sjælland,DK,Københavnsvej,4600
EC:1B:BD:2C:83:B2,20081962,55.92930222,12.26201725,EC:1B:BD,11,wpa2,2020-08-21T10:00:00.000Z,2026-03-04T04:00:00.000Z,,Region Hovedstaden,DK,Egespurs Alle,3400
EC:1B:BD:2C:87:47,Class A AIS 0300,52.30909729,5.04135609,EC:1B:BD,6,wpa2,2025-02-19T11:00:00.000Z,2025-02-19T07:00:00.000Z,,Noord-Holland,NL,Jan Boutsteeg,1381XZ
EC:1B:BD:2C:88:03,,-33.84618759,151.01287842,EC:1B:BD,9,unknown,2024-06-29T03:00:00.000Z,2024-09-04T00:00:00.000Z,Sydney,New South Wales,AU,Clyde Street,2142
EC:1B:BD:2C:88:96,TENACIOUS,47.4687233,19.06720543,EC:1B:BD,6,wpa2,2023-10-01T12:00:00.000Z,2026-05-07T13:00:00.000Z,,Budapest,HU,Pázmány Péter sétány,1117
EC:1B:BD:2C:88:B6,CPT.AHMAD II,45.32781219,14.43660164,EC:1B:BD,6,wpa2,2025-09-05T13:00:00.000Z,2025-09-05T07:00:00.000Z,Rijeka,Primorsko-goranska županija,HR,Žabica,51000
EC:1B:BD:2C:8B:74,20101043,-5.84254503,-35.21117783,EC:1B:BD,11,wpa2,2026-07-03T17:00:00.000Z,2026-07-07T17:00:00.000Z,Natal,Rio Grande do Norte,BR,Avenida das Brancas Dunas,59064-720
EC:1B:BD:2C:8B:91,20082004,56.65207291,9.79566193,EC:1B:BD,11,wpa2,2022-06-26T14:00:00.000Z,2025-10-16T02:00:00.000Z,,Region Nordjylland,DK,Majsmarken,9500
EC:1B:BD:2C:8F:CF,,-26.74162865,-48.69818497,EC:1B:BD,1,wpa2,2024-09-26T20:00:00.000Z,2024-10-10T13:00:00.000Z,,Santa Catarina,BR,Rodovia Governador Mário Covas,88380000
EC:1B:BD:2C:8F:DB,,-22.8280983,-45.20815659,EC:1B:BD,1,wpa2,2022-09-17T19:00:00.000Z,2026-07-08T18:00:00.000Z,Guaratinguetá,São Paulo,BR,Rodovia Presidente Dutra,12504-010
EC:1B:BD:2C:9B:71,simplySnap_648725,48.27810287,-114.33053589,EC:1B:BD,1,wpa2,2021-06-10T11:00:00.000Z,2026-04-07T16:00:00.000Z,,MT,US,US 93,59902
EC:1B:BD:2C:9B:97,simplySnap_648726,40.20625305,-111.6583786,EC:1B:BD,1,wpa2,2021-08-07T03:00:00.000Z,2026-07-07T20:00:00.000Z,Provo,UT,US,I 15,84606
EC:1B:BD:2C:9B:B9,simplySnap_64872d,34.32759476,-86.31395721,EC:1B:BD,6,wpa2,2022-07-17T09:00:00.000Z,2025-05-11T21:00:00.000Z,,AL,US,Florida Short Route,35976
EC:1B:BD:2C:9B:BC,simplySnap_64870b,43.78994751,-79.52416229,EC:1B:BD,6,wpa2,2022-02-18T13:00:00.000Z,2026-08-11T07:00:00.000Z,Vaughan,Ontario,CA,Jane Street,L4K 1A4
EC:1B:BD:2C:9B:C0,simplySnap_648717,32.53198624,-96.88021088,EC:1B:BD,6,wpa2,2026-07-16T23:00:00.000Z,2026-07-16T19:00:00.000Z,Ovilla,TX,US,Ovilla Road,
EC:1B:BD:2C:9B:D5,simplySnap_648700,36.04872513,-94.18608856,EC:1B:BD,11,wpa2,2021-09-14T22:00:00.000Z,2026-04-27T10:00:00.000Z,Fayetteville,AR,US,West 15th Street,72701
EC:1B:BD:2C:9B:E1,simplySnap_6486e2,43.08697128,-70.82305908,EC:1B:BD,11,wpa2,2025-09-07T15:00:00.000Z,2025-09-07T12:00:00.000Z,,NH,US,Newmarket Street,03801-2819
EC:1B:BD:2C:9B:FD,simplySnap_6486f2,26.69018364,-80.07479095,EC:1B:BD,11,wpa2,2021-06-10T18:00:00.000Z,2024-09-06T05:00:00.000Z,West Palm Beach,FL,US,Australian Avenue,33406
EC:1B:BD:2C:9C:2B,simplySnap_6486eb,32.46047592,-94.73638916,EC:1B:BD,6,wpa2,2025-10-08T11:00:00.000Z,2026-04-25T07:00:00.000Z,Longview,TX,US,Edwin Drive,75602
EC:1B:BD:2C:9C:56,simplySnap_648577,26.2733345,-80.14911652,EC:1B:BD,1,wpa2,2021-10-16T16:00:00.000Z,2026-06-29T15:00:00.000Z,Pompano Beach,FL,US,West Sample Road,33064-1324
EC:1B:BD:2C:9C:9C,simplySnap_648712,33.1138916,-96.67484283,EC:1B:BD,6,wpa2,2022-03-29T17:00:00.000Z,2026-07-31T12:00:00.000Z,Allen,TX,US,Raintree Circle,75013
EC:1B:BD:2C:9C:A8,Ephesus_62bb8a,42.26501846,-71.79896545,EC:1B:BD,11,wpa2,2024-06-05T21:00:00.000Z,2025-09-23T20:00:00.000Z,Worcester,MA,US,Foster Street,01608
EC:1B:BD:2C:9C:AC,simplySnap_64873f,33.88532639,-84.24759674,EC:1B:BD,11,wpa2,2021-01-24T09:00:00.000Z,2026-07-15T14:00:00.000Z,,GA,US,Chamblee Tucker Road,30341
EC:1B:BD:2C:9C:F0,simplySnap_64870c,33.17873383,-117.34416199,EC:1B:BD,11,wpa2,2021-03-25T19:00:00.000Z,2026-07-14T23:00:00.000Z,Oceanside,CA,US,Vista Way,92054
EC:1B:BD:2C:9D:70,Ephesus_648dd7,30.53125381,-89.68453979,EC:1B:BD,11,wpa2,2023-02-04T12:00:00.000Z,2024-11-11T09:00:00.000Z,,MS,US,Norwood Street,39466
EC:1B:BD:2C:9D:80,Ephesus_6486be,44.75148773,-85.58058167,EC:1B:BD,11,wpa2,2023-09-21T21:00:00.000Z,2026-08-05T18:00:00.000Z,Traverse City,MI,US,Parsons Road,49686
EC:1B:BD:2C:9D:8E,Ephesus_Hub,34.35193634,-82.92224884,EC:1B:BD,1,wpa2,2024-09-16T15:00:00.000Z,2024-09-16T15:00:00.000Z,,GA,US,Powell Road,30643
EC:1B:BD:2C:9E:8A,simplySnap_642689,28.36892509,-81.40621185,EC:1B:BD,11,wpa2,2024-11-24T19:00:00.000Z,2026-07-02T09:00:00.000Z,Orlando,FL,US,South Orange Blossom Trail,32837
EC:1B:BD:2C:A0:BA,FVDec1bbd2ca0ba,-37.80841827,144.97596741,EC:1B:BD,11,wpa2,2024-04-08T00:00:00.000Z,2026-03-25T00:00:00.000Z,Melbourne,Victoria,AU,Victoria Parade,3002
EC:1B:BD:2C:A0:C2,FVDec1bbd2ca0c2,28.12922668,-15.44925404,EC:1B:BD,11,wpa2,2003-05-07T13:00:00.000Z,2026-07-01T12:00:00.000Z,Las Palmas de Gran Canaria,Las Palmas,ES,Calle del Industrial José Sánchez Peñate,35010
EC:1B:BD:2C:A0:D5,FVDec1bbd2ca0d5,-37.80863571,144.97572327,EC:1B:BD,11,wpa2,2024-04-08T00:00:00.000Z,2026-07-13T23:00:00.000Z,Melbourne,Victoria,AU,Gisborne Street,3002
EC:1B:BD:2C:A0:E9,FVDec1bbd2ca0e9,52.21434402,5.96002865,EC:1B:BD,11,wpa2,2021-11-20T15:00:00.000Z,2026-08-08T05:00:00.000Z,Apeldoorn,Gelderland,NL,Nieuwstraat,7311LN
EC:1B:BD:2C:A0:F4,FVDec1bbd2ca0f4,-27.61029625,153.05581665,EC:1B:BD,11,wpa2,2021-02-24T12:00:00.000Z,2024-11-26T16:00:00.000Z,,Queensland,AU,Calam Road,4116
EC:1B:BD:2C:A0:F6,FVDec1bbd2ca0f6,-27.22695923,153.08843994,EC:1B:BD,11,wpa2,2021-12-08T09:00:00.000Z,2025-08-26T22:00:00.000Z,,Queensland,AU,Anzac Avenue,4021
EC:1B:BD:2C:A0:FA,FVDec1bbd2ca0fa,-37.80864334,144.97572327,EC:1B:BD,11,wpa2,2023-09-07T04:00:00.000Z,2026-04-16T01:00:00.000Z,Melbourne,Victoria,AU,Gisborne Street,3002
EC:1B:BD:2C:A0:FD,FVDec1bbd2ca0fd,-42.88216782,147.32626343,EC:1B:BD,11,wpa2,2021-07-24T12:00:00.000Z,2025-12-23T22:00:00.000Z,Hobart,Tasmania,AU,Liverpool Street,7000
EC:1B:BD:2C:A1:0E,FVDec1bbd2ca10e,-37.80886078,144.97587585,EC:1B:BD,11,wpa2,2023-09-13T02:00:00.000Z,2024-10-24T20:00:00.000Z,Melbourne,Victoria,AU,Gisborne Street,3002
EC:1B:BD:2C:A1:18,FVDec1bbd2ca118,-37.80858612,144.97599792,EC:1B:BD,11,wpa2,2024-10-25T03:00:00.000Z,2024-10-24T20:00:00.000Z,Melbourne,Victoria,AU,Gisborne Street,3002
EC:1B:BD:2C:A1:19,FVDec1bbd2ca119,-27.55916214,153.08071899,EC:1B:BD,11,wpa2,2024-09-10T06:00:00.000Z,2024-09-10T02:00:00.000Z,,Queensland,AU,Logan Road,4122
EC:1B:BD:2C:A1:2B,FVDec1bbd2ca12b,-27.30877304,152.99156189,EC:1B:BD,11,wpa2,2024-03-17T23:00:00.000Z,2024-08-18T17:00:00.000Z,,Queensland,AU,Learmonth Street,4500
EC:1B:BD:2C:A1:2C,FVDec1bbd2ca12c,-27.50007248,153.10292053,EC:1B:BD,11,wpa2,2021-06-05T11:00:00.000Z,2026-08-09T23:00:00.000Z,Brisbane City,Queensland,AU,Old Cleveland Road,4152
EC:1B:BD:2C:A1:2F,FVDec1bbd2ca12f,-27.40803909,152.99090576,EC:1B:BD,11,wpa2,2023-07-20T17:00:00.000Z,2025-11-27T23:00:00.000Z,Brisbane City,Queensland,AU,South Pine Road,4053
EC:1B:BD:2C:A1:30,FVDec1bbd2ca130,-37.8083992,144.97698975,EC:1B:BD,11,wpa2,2001-01-01T01:00:00.000Z,2025-08-05T23:00:00.000Z,Melbourne,Victoria,AU,Victoria Parade,3002
EC:1B:BD:2C:A1:32,FVDec1bbd2ca132,39.57216263,2.64484596,EC:1B:BD,11,wpa2,2022-03-31T17:00:00.000Z,2025-12-10T04:00:00.000Z,,Illes Balears,ES,Carrer de Bonaire,07012
EC:1B:BD:2C:A1:38,FVDec1bbd2ca138,-37.80843353,144.97634888,EC:1B:BD,11,wpa2,2025-06-23T05:00:00.000Z,2025-06-22T23:00:00.000Z,Melbourne,Victoria,AU,Victoria Parade,3002
EC:1B:BD:2C:A1:3B,FVDec1bbd2ca13b,-37.80899048,144.97587585,EC:1B:BD,11,wpa2,2025-11-19T22:00:00.000Z,2025-11-19T14:00:00.000Z,Melbourne,Victoria,AU,Gisborne Street,3002
EC:1B:BD:2C:A1:3C,FVDec1bbd2ca13c,-37.80820084,144.97557068,EC:1B:BD,11,wpa2,2025-03-24T07:00:00.000Z,2025-03-24T00:00:00.000Z,Melbourne,Victoria,AU,Victoria Parade,3002
EC:1B:BD:2C:A1:4B,FVDec1bbd2ca14b,-37.80841064,144.97779846,EC:1B:BD,11,wpa2,2001-01-01T01:00:00.000Z,2026-07-13T23:00:00.000Z,Melbourne,Victoria,AU,Victoria Parade,3002
EC:1B:BD:2C:A1:4C,FVDec1bbd2ca14c,-37.80838394,144.9770813,EC:1B:BD,11,wpa2,2001-01-01T01:00:00.000Z,2026-07-30T01:00:00.000Z,Melbourne,Victoria,AU,Victoria Parade,3002
EC:1B:BD:2C:A1:51,FVDec1bbd2ca151,-33.7677803,151.26634216,EC:1B:BD,11,wpa2,2024-04-13T00:00:00.000Z,2025-10-07T19:00:00.000Z,Sydney,New South Wales,AU,Cross Street,2100
EC:1B:BD:2C:A1:5B,FVDec1bbd2ca15b,-37.80898285,144.97581482,EC:1B:BD,11,wpa2,2023-09-07T04:00:00.000Z,2025-12-20T15:00:00.000Z,Melbourne,Victoria,AU,Gisborne Street,3002
EC:1B:BD:2C:A1:62,FVDec1bbd2ca162,41.37965012,2.05281758,EC:1B:BD,11,wpa2,2024-08-14T09:00:00.000Z,2024-08-14T02:00:00.000Z,Sant Feliu de Llobregat,Catalunya,ES,Carrer de Laureà Miró,08980
EC:1B:BD:2C:A1:A8,FVDec1bbd2ca1a8,-38.11019516,145.28327942,EC:1B:BD,11,wpa2,2025-03-27T05:00:00.000Z,2026-04-26T17:00:00.000Z,Melbourne,Victoria,AU,High Street,3977
EC:1B:BD:2C:A1:AB,FVDec1bbd2ca1ab,50.89833832,-1.3770808,EC:1B:BD,11,wpa2,2024-07-17T12:00:00.000Z,2025-09-01T07:00:00.000Z,Southampton,England,GB,Cooper's Lane,SO19 9AD
EC:1B:BD:2C:A1:AD,FVDec1bbd2ca1ad,-35.01702499,138.54425049,EC:1B:BD,11,wpa2,2021-01-31T16:00:00.000Z,2026-07-23T23:00:00.000Z,Adelaide,South Australia,AU,Kelmscott Street,5046
EC:1B:BD:2C:A1:B5,FVDec1bbd2ca1b5,-41.43560791,147.14144897,EC:1B:BD,11,wpa2,2003-02-14T11:00:00.000Z,2026-01-09T21:00:00.000Z,Launceston,Tasmania,AU,Brisbane Street,7250
EC:1B:BD:2C:A1:B7,FVDec1bbd2ca1b7,-16.92483521,145.77220154,EC:1B:BD,11,wpa2,2021-09-25T12:00:00.000Z,2026-01-28T18:00:00.000Z,Cairns,Queensland,AU,Spence Street,4870
EC:1B:BD:2C:A1:C2,FVDec1bbd2ca1c2,51.96644211,6.29048395,EC:1B:BD,11,wpa2,2023-07-26T13:00:00.000Z,2026-05-07T02:00:00.000Z,,Gelderland,NL,Plantsoenstraat,7001AA
EC:1B:BD:2C:A1:D9,FVDec1bbd2ca1d9,30.44532394,-91.09613037,EC:1B:BD,11,wpa2,2024-12-11T18:00:00.000Z,2024-12-16T05:00:00.000Z,Baton Rouge,LA,US,Connells Park Lane,70806
EC:1B:BD:2C:A1:DD,FVDec1bbd2ca1dd,-18.13896179,178.42398071,EC:1B:BD,11,wpa2,2025-10-02T21:00:00.000Z,2025-10-04T20:00:00.000Z,Suva,Central,FJ,Scott Street,2223
EC:1B:BD:2C:A1:E5,FVDec1bbd2ca1e5,50.39486694,-3.51400328,EC:1B:BD,11,wpa2,2021-08-17T10:00:00.000Z,2025-03-28T04:00:00.000Z,,England,GB,Fore Street,TQ5 8DZ
EC:1B:BD:2C:A1:EF,FVDec1bbd2ca1ef,28.46878624,-16.25661469,EC:1B:BD,11,wpa2,2025-07-07T11:00:00.000Z,2026-02-11T10:00:00.000Z,,Santa Cruz de Tenerife,ES,Calle Pérez de Rozas,38004
EC:1B:BD:2C:A1:F1,FVDec1bbd2ca1f1,37.98553848,23.75744247,EC:1B:BD,11,wpa2,2026-05-12T05:00:00.000Z,2026-05-12T15:00:00.000Z,Αθήνα,Αποκεντρωμένη Διοίκηση Αττικής,GR,Αναστάσιου Τσόχα,11528
EC:1B:BD:2C:A1:F6,FVDec1bbd2ca1f6,42.59881973,-8.76479149,EC:1B:BD,11,wpa2,2025-01-07T11:00:00.000Z,2026-01-22T18:00:00.000Z,,Galicia,ES,Rúa Alcalde Rey Daviña,36600
EC:1B:BD:2C:A2:0B,FVDec1bbd2ca20b,37.17751312,-3.61205912,EC:1B:BD,11,wpa2,2026-04-20T16:00:00.000Z,2026-04-22T03:00:00.000Z,Granada,Andalucía,ES,Plaza Guitarrista Manuel Cano,18003
EC:1B:BD:2C:A2:0C,FVDec1bbd2ca20c,-27.30876732,152.99162292,EC:1B:BD,11,wpa2,2024-05-22T23:00:00.000Z,2026-04-18T18:00:00.000Z,,Queensland,AU,Learmonth Street,4500
EC:1B:BD:2C:A2:14,FVDec1bbd2ca214,39.45700836,-0.34654304,EC:1B:BD,11,wpa2,2021-12-06T17:00:00.000Z,2024-12-03T00:00:00.000Z,València,Comunitat Valenciana,ES,Carrer de Menorca,46023
EC:1B:BD:2C:A2:15,FVDec1bbd2ca215,-27.46363831,153.02568054,EC:1B:BD,11,wpa2,2026-07-10T03:00:00.000Z,2026-07-09T21:00:00.000Z,,Queensland,AU,Astor Terrace,4004
EC:1B:BD:2C:A2:1B,FVDec1bbd2ca21b,-27.44638634,153.02896118,EC:1B:BD,11,wpa2,2023-01-09T11:00:00.000Z,2026-06-05T00:00:00.000Z,,Queensland,AU,Butterfield Street,4029
EC:1B:BD:2C:A2:29,FVDec1bbd2ca229,29.14087677,-82.19117737,EC:1B:BD,11,wpa2,2026-05-19T17:00:00.000Z,2026-05-19T11:00:00.000Z,Ocala,FL,US,Southwest College Road,34474
EC:1B:BD:2C:A2:35,FVDec1bbd2ca235,49.22575378,17.66719055,EC:1B:BD,11,wpa2,2023-05-13T09:00:00.000Z,2025-07-17T03:00:00.000Z,Zlín,Střední Morava,CZ,třída Tomáše Bati,761 50
EC:1B:BD:2C:A2:39,FVDec1bbd2ca239,42.21137238,-83.62029266,EC:1B:BD,11,wpa2,2026-08-06T13:00:00.000Z,2026-08-06T07:00:00.000Z,,MI,US,Whittaker Road,48197
EC:1B:BD:2C:A2:3D,FVDec1bbd2ca23d,49.74727631,13.37843609,EC:1B:BD,11,wpa2,2022-02-21T17:00:00.000Z,2026-03-20T02:00:00.000Z,Plzeň,Jihozápad,CZ,náměstí Republiky,301 37
EC:1B:BD:2C:A2:48,FVDec1bbd2ca248,-37.97689056,145.21980286,EC:1B:BD,11,wpa2,2026-05-03T08:00:00.000Z,2026-05-03T01:00:00.000Z,Melbourne,Victoria,AU,Edward Avenue,3177
EC:1B:BD:2C:A2:4E,FVDec1bbd2ca24e,28.09210205,-17.11219406,EC:1B:BD,11,wpa2,2026-07-24T09:00:00.000Z,2026-07-24T10:00:00.000Z,San Sebastián de la Gomera,Santa Cruz de Tenerife,ES,Avenida de Colón,38800
EC:1B:BD:2C:A2:50,FVDec1bbd2ca250,45.40573502,10.98467255,EC:1B:BD,11,wpa2,2026-03-06T12:00:00.000Z,2026-03-06T09:00:00.000Z,Verona,Veneto,IT,Via Scuderlando,37135
EC:1B:BD:2C:A2:52,FVDec1bbd2ca252,-26.67237091,153.08924866,EC:1B:BD,11,wpa2,2025-04-15T04:00:00.000Z,2025-04-15T01:00:00.000Z,Sunshine Coast Regional,Queensland,AU,Wises Road,4558
EC:1B:BD:2C:A2:73,FVDec1bbd2ca273,-34.92427826,138.59996033,EC:1B:BD,11,wpa2,2021-06-10T15:00:00.000Z,2026-08-11T23:00:00.000Z,Adelaide,South Australia,AU,Grenfell Street,5000
EC:1B:BD:2C:A2:7E,FVDec1bbd2ca27e,-37.55377197,175.91726685,EC:1B:BD,11,wpa2,2022-11-29T15:00:00.000Z,2025-02-13T21:00:00.000Z,,Bay of Plenty,NZ,Talisman Drive,3129
EC:1B:BD:2C:A2:7F,FVDec1bbd2ca27f,53.64591599,-1.78404284,EC:1B:BD,11,wpa2,2021-06-05T13:00:00.000Z,2026-01-30T05:00:00.000Z,Kirklees,England,GB,Market Street,HD1 2EH
EC:1B:BD:2C:A2:91,FVDec1bbd2ca291,-34.88006592,138.49150085,EC:1B:BD,11,wpa2,2021-03-01T14:00:00.000Z,2026-03-27T22:00:00.000Z,Adelaide,South Australia,AU,Brebner Drive,5021
EC:1B:BD:2C:A3:D9,20140779,55.65006256,12.52180195,EC:1B:BD,11,wpa2,2020-11-14T14:00:00.000Z,2026-06-16T22:00:00.000Z,København,Region Hovedstaden,DK,Ellebjergvej,2450
EC:1B:BD:2C:A4:0F,20146343,55.65338516,12.54471207,EC:1B:BD,11,wpa2,2020-11-20T10:00:00.000Z,2026-06-09T04:00:00.000Z,København,Region Hovedstaden,DK,Teglholmsgade,2450
EC:1B:BD:2C:A4:52,20146325,55.39307022,10.35689545,EC:1B:BD,11,wpa2,2024-08-21T10:00:00.000Z,2024-08-21T04:00:00.000Z,Odense,Region Syddanmark,DK,Middelfartvej,5200
EC:1B:BD:2C:A4:5F,20146342,57.41867447,10.52416229,EC:1B:BD,11,wpa2,2001-01-01T00:00:00.000Z,2025-06-06T06:00:00.000Z,,Region Nordjylland,DK,Europavej,9900
EC:1B:BD:2C:A4:70,20146339,55.53171158,9.71624279,EC:1B:BD,11,wpa2,2020-06-01T16:00:00.000Z,2026-07-20T12:00:00.000Z,,Region Syddanmark,DK,Snoghøj Landevej,7000
EC:1B:BD:2C:A4:79,20141600,47.00587845,7.46460819,EC:1B:BD,11,wpa2,2020-12-05T16:00:00.000Z,2025-03-21T12:00:00.000Z,,Bern/Berne,CH,Zürichstrasse,3052
EC:1B:BD:2C:A4:E0,20146324,55.52202225,9.75133514,EC:1B:BD,11,wpa2,2020-06-17T16:00:00.000Z,2026-07-20T12:00:00.000Z,,Region Syddanmark,DK,Gammel Strandvej,5500
EC:1B:BD:2C:A5:05,20146336,55.53165054,9.71663094,EC:1B:BD,11,wpa2,2020-08-09T13:00:00.000Z,2025-07-18T12:00:00.000Z,,Region Syddanmark,DK,Snoghøj Landevej,7000
EC:1B:BD:2C:A5:87,20134831,50.46201706,3.92968392,EC:1B:BD,11,wpa2,2024-01-15T17:00:00.000Z,2025-03-22T04:00:00.000Z,Mons,Hainaut,BE,Boulevard Initialis,7000
EC:1B:BD:2C:A5:DB,FVDec1bbd2ca5db,36.71236038,-4.44643021,EC:1B:BD,11,wpa2,2024-11-07T16:00:00.000Z,2024-11-07T13:00:00.000Z,,Andalucía,ES,Calle Fernández Fermina,29007
EC:1B:BD:2C:A5:DC,FVDec1bbd2ca5dc,-27.50041962,153.10351562,EC:1B:BD,11,wpa2,2022-12-15T10:00:00.000Z,2025-09-16T03:00:00.000Z,Brisbane City,Queensland,AU,Carindale Street,4152
EC:1B:BD:2C:A5:DE,FVDec1bbd2ca5de,-27.40813255,152.99101257,EC:1B:BD,11,wpa2,2024-08-08T21:00:00.000Z,2024-09-12T03:00:00.000Z,Brisbane City,Queensland,AU,South Pine Road,4053
EC:1B:BD:2C:A5:E1,FVDec1bbd2ca5e1,52.38168335,4.63506746,EC:1B:BD,11,wpa2,2022-05-06T10:00:00.000Z,2025-05-28T08:00:00.000Z,Haarlem,Noord-Holland,NL,Zijlstraat,2011TM
EC:1B:BD:2C:A5:E3,FVDec1bbd2ca5e3,42.9262352,10.75483131,EC:1B:BD,11,wpa2,2024-12-24T14:00:00.000Z,2024-12-24T07:00:00.000Z,,Toscana,IT,Via Emilio Bicocchi,58022
EC:1B:BD:2C:A5:E4,FVDec1bbd2ca5e4,51.9485054,4.5547061,EC:1B:BD,11,wpa2,2021-12-30T14:00:00.000Z,2026-04-12T09:00:00.000Z,Rotterdam,Zuid-Holland,NL,Voermanweg,3067LX
EC:1B:BD:2C:A5:E5,FVDec1bbd2ca5e5,45.65239334,13.77108288,EC:1B:BD,11,wpa2,2024-09-03T10:00:00.000Z,2024-09-03T05:00:00.000Z,Trieste,Friuli-Venezia Giulia,IT,Passaggio Joyce,34121-34151
EC:1B:BD:2C:A5:E9,FVDec1bbd2ca5e9,-37.80868149,144.97592163,EC:1B:BD,11,wpa2,2024-04-08T00:00:00.000Z,2024-10-24T20:00:00.000Z,Melbourne,Victoria,AU,Gisborne Street,3002
EC:1B:BD:2C:A5:EB,FVDec1bbd2ca5eb,60.20249939,24.96747017,EC:1B:BD,11,wpa2,2021-06-08T14:00:00.000Z,2026-08-06T07:00:00.000Z,Helsinki,Manner-Suomi,FI,Toukolankatu,00560
EC:1B:BD:2C:A5:EE,FVDec1bbd2ca5ee,-37.80896759,144.97607422,EC:1B:BD,11,wpa2,2024-10-25T03:00:00.000Z,2024-10-24T23:00:00.000Z,Melbourne,Victoria,AU,Gisborne Street,3002
EC:1B:BD:2C:A5:F0,FVDec1bbd2ca5f0,-37.80868912,144.97596741,EC:1B:BD,11,wpa2,2024-10-25T03:00:00.000Z,2024-10-24T20:00:00.000Z,Melbourne,Victoria,AU,Gisborne Street,3002
EC:1B:BD:2C:A5:F7,FVDec1bbd2ca5f7,-37.80841827,144.97695923,EC:1B:BD,11,wpa2,2024-12-08T22:00:00.000Z,2026-07-21T00:00:00.000Z,Melbourne,Victoria,AU,Victoria Parade,3002
EC:1B:BD:2C:A5:FB,FVDec1bbd2ca5fb,-37.80898285,144.97613525,EC:1B:BD,11,wpa2,2024-10-25T03:00:00.000Z,2024-10-24T23:00:00.000Z,Melbourne,Victoria,AU,Gisborne Street,3002
EC:1B:BD:2C:A5:FF,FVDec1bbd2ca5ff,28.12585449,-15.42945099,EC:1B:BD,11,wpa2,2025-11-01T13:00:00.000Z,2025-12-19T14:00:00.000Z,Las Palmas de Gran Canaria,Las Palmas,ES,Calle León y Castillo,35005
EC:1B:BD:2C:A6:00,FVDec1bbd2ca600,41.54663849,2.11004233,EC:1B:BD,11,wpa2,2026-04-06T08:00:00.000Z,2026-05-22T06:00:00.000Z,Sabadell,Catalunya,ES,Carrer de Narcís Giralt,08201
EC:1B:BD:2C:A6:0A,FVDec1bbd2ca60a,41.38835526,2.17112589,EC:1B:BD,11,wpa2,2026-02-02T19:00:00.000Z,2026-02-02T12:00:00.000Z,Barcelona,Catalunya,ES,Carrer de Pau Claris,08001
EC:1B:BD:2C:A6:10,FVDec1bbd2ca610,-33.71143723,150.31297302,EC:1B:BD,11,wpa2,2022-01-04T11:00:00.000Z,2026-07-10T02:00:00.000Z,,New South Wales,AU,Great Western Highway,2780
EC:1B:BD:2C:A6:1F,FVDec1bbd2ca61f,-37.80978775,144.97547913,EC:1B:BD,11,wpa2,2026-02-12T06:00:00.000Z,2026-02-11T23:00:00.000Z,Melbourne,Victoria,AU,Gisborne Street,3002
EC:1B:BD:2C:A6:26,FVDec1bbd2ca626,-37.80843353,144.97575378,EC:1B:BD,11,wpa2,2025-08-14T07:00:00.000Z,2025-08-14T01:00:00.000Z,Melbourne,Victoria,AU,Gisborne Street,3002
EC:1B:BD:2C:A6:27,FVDec1bbd2ca627,28.45935249,-16.25390434,EC:1B:BD,11,wpa2,2023-09-23T09:00:00.000Z,2025-12-23T08:00:00.000Z,Santa Cruz de Tenerife,Santa Cruz de Tenerife,ES,Avenida Tres de Mayo,38003
EC:1B:BD:2C:A7:CB,FVDec1bbd2ca7cb,36.745121,-5.16122723,EC:1B:BD,11,wpa2,2025-04-07T17:00:00.000Z,2025-04-07T13:00:00.000Z,,Andalucía,ES,Carrera Espinel,29400
EC:1B:BD:2C:A7:D8,FVDec1bbd2ca7d8,-33.8720665,151.22499084,EC:1B:BD,11,wpa2,2026-04-11T06:00:00.000Z,2026-04-11T14:00:00.000Z,Sydney,New South Wales,AU,Macleay Street,2011
EC:1B:BD:2C:A7:D9,FVDec1bbd2ca7d9,49.58722687,17.23483467,EC:1B:BD,11,wpa2,2001-01-01T01:00:00.000Z,2026-06-23T09:00:00.000Z,Olomouc,Střední Morava,CZ,Hněvotínská,77900
EC:1B:BD:2C:A9:AB,Well_11,37.88454056,27.57806396,EC:1B:BD,6,wpa2,2025-11-26T08:00:00.000Z,2026-02-27T23:00:00.000Z,,Ege Bölgesi,TR,İzmir - Aydın Otoyolu,09700
EC:1B:BD:2C:AF:E7,DE4000Unit152,40.36463928,-104.73498535,EC:1B:BD,11,wpa2,2024-10-24T17:00:00.000Z,2025-02-14T17:00:00.000Z,,CO,US,35th Avenue,80634
EC:1B:BD:2C:AF:F7,DE4000Unit124,40.36545563,-104.73497772,EC:1B:BD,11,wpa2,2024-10-24T17:00:00.000Z,2024-11-26T11:00:00.000Z,,CO,US,35th Avenue,80634
EC:1B:BD:2C:B3:0D,20996803,53.60770798,9.89901543,EC:1B:BD,11,wpa2,2026-05-23T13:00:00.000Z,2026-05-25T03:00:00.000Z,Hamburg,Eidelstedt,DE,Antonie-Möbis-Weg,22523
EC:1B:BD:60:C8:D4,2ndShooterPro,44.83351898,-93.17804718,EC:1B:BD,11,none,2023-04-26T17:00:00.000Z,2026-05-31T08:00:00.000Z,,MN,US,Yankee Doodle Road,55121
EC:1B:BD:60:EE:16,AiM-MXK10-400589,38.86083984,-86.51755524,EC:1B:BD,11,unknown,2025-10-05T19:00:00.000Z,2025-10-05T19:00:00.000Z,,IN,US,16th Street,47421
EC:1B:BD:60:EE:62,AiM-MXK10-400563,33.06316376,-117.06929016,EC:1B:BD,11,none,2024-11-23T21:00:00.000Z,2024-11-24T21:00:00.000Z,Escondido,CA,US,Avocado Highway,92025
EC:1B:BD:60:F0:E6,AiM-MX2E-700358,51.91263199,0.69838244,EC:1B:BD,6,none,2024-10-20T03:00:00.000Z,2025-09-15T12:00:00.000Z,Braintree,England,GB,Coggeshall Road,CO6 2JX
EC:1B:BD:60:F2:0A,AiM-MX2E-700330,50.95666122,-1.45185089,EC:1B:BD,6,unknown,2026-04-14T12:00:00.000Z,2026-04-14T06:00:00.000Z,Test Valley,England,GB,M27,SO16 8AJ
EC:1B:BD:60:F2:77,AiM-MX2E-700319,52.0840683,5.36074257,EC:1B:BD,6,unknown,2024-10-05T15:00:00.000Z,2024-10-05T11:00:00.000Z,,Utrecht,NL,Zeisterweg,3931MH
EC:1B:BD:60:F3:16,AiM-MXK10-400580,9.53218651,100.06013489,EC:1B:BD,11,unknown,2025-09-07T10:00:00.000Z,2025-09-20T09:00:00.000Z,,จังหวัดสุราษฎร์ธานี,TH,,84320
EC:1B:BD:60:F3:27,AiM-MXK10-400576,52.60448456,6.20540285,EC:1B:BD,1,unknown,2025-06-29T06:00:00.000Z,2025-06-29T01:00:00.000Z,,Overijssel,NL,Rijksweg A28,7954GX
EC:1B:BD:60:F3:7F,AiM-MXK10-400600-Trash Zx10,39.23813248,-84.36663055,EC:1B:BD,1,none,2022-08-25T15:00:00.000Z,2026-07-23T21:00:00.000Z,,OH,US,Northeast Expressway,45242
EC:1B:BD:60:FC:7E,AiM-MX2E-100173-SmartyCAM-Coxy,-37.83126831,144.94400024,EC:1B:BD,1,wpa2,2025-07-03T06:00:00.000Z,2025-07-03T00:00:00.000Z,Melbourne,Victoria,AU,Williamstown Road,3207
EC:1B:BD:61:02:7B,,41.66634369,-73.07983398,EC:1B:BD,0,none,2024-08-17T21:00:00.000Z,2024-08-17T15:00:00.000Z,,CT,US,South Main Street,06787
EC:1B:BD:61:1B:6D,AiM-MYC5-056376-Michael 1,50.29036331,9.28006363,EC:1B:BD,6,unknown,2026-07-04T08:00:00.000Z,2026-07-04T06:00:00.000Z,,Hessen,DE,Langgasse,63607
EC:1B:BD:61:20:47,,37.54314423,-77.43707275,EC:1B:BD,0,none,2025-06-16T19:00:00.000Z,2025-06-16T12:00:00.000Z,Richmond,VA,US,East Broad Street,23219
EC:1B:BD:61:3E:9B,,41.66805649,-73.07879639,EC:1B:BD,0,none,2024-08-17T21:00:00.000Z,2024-08-17T15:00:00.000Z,,CT,US,South Main Street,06787
EC:1B:BD:61:85:8C,,27.26132584,-80.3515625,EC:1B:BD,1,unknown,2026-06-06T20:00:00.000Z,2026-06-07T09:00:00.000Z,Port Saint Lucie,FL,US,Florida's Turnpike,34984
EC:1B:BD:61:E7:C9,FN_BM_WIFI,50.86003494,4.37506342,EC:1B:BD,9,wpa2,2024-06-29T16:00:00.000Z,2024-10-14T23:00:00.000Z,,Région de Bruxelles-Capitale - Brussels Hoofdstedelijk Gewest,BE,Avenue Rogier - Rogierlaan,1030
EC:1B:BD:62:14:77,AiM-MXM-601097-31BW,36.13325119,-95.93310547,EC:1B:BD,1,unknown,2024-12-31T19:00:00.000Z,2024-12-31T20:00:00.000Z,Tulsa,OK,US,East 21st Street,74114
EC:1B:BD:62:14:B5,AiM-MXM-600983,50.34677124,6.96562099,EC:1B:BD,6,unknown,2025-10-18T15:00:00.000Z,2025-10-18T11:00:00.000Z,,Rheinland-Pfalz,DE,In der Stroth,53520
EC:1B:BD:62:16:DB,PLT-WiFi_EC1BBD6216DB,47.27656174,5.17422438,EC:1B:BD,1,unknown,2025-02-14T17:00:00.000Z,2025-06-23T10:00:00.000Z,,Bourgogne-Franche-Comté,FR,Grande Rue,21110
EC:1B:BD:62:18:B6,,42.39411163,11.20447826,EC:1B:BD,10,unknown,2026-05-07T10:00:00.000Z,2026-05-30T02:00:00.000Z,,Toscana,IT,Via San Sebastiano,58018
EC:1B:BD:62:23:D0,AiM-MYC5-056959,50.08672333,12.446805,EC:1B:BD,11,unknown,2026-07-10T14:00:00.000Z,2026-07-17T13:00:00.000Z,,Severozápad,CZ,D6;21,
EC:1B:BD:62:25:48,AiM-SOLO2DL-505563-Solo 2 DL TT,34.48785019,-80.59518433,EC:1B:BD,1,unknown,2024-03-09T16:00:00.000Z,2024-09-15T16:00:00.000Z,Camden,SC,US,Kershaw Highway,29067
EC:1B:BD:62:25:E3,AiM-SOLO2DL-505526-CASTRO,47.86981201,-121.98791504,EC:1B:BD,1,wpa2,2025-08-09T21:00:00.000Z,2025-08-09T15:00:00.000Z,,WA,US,Cascade View Drive,98272
EC:1B:BD:62:26:04,AiM-SOLO2DL-505513-Solo2DL Henr,38.99704361,-77.14326477,EC:1B:BD,1,unknown,2024-01-12T17:00:00.000Z,2025-06-05T06:00:00.000Z,Bethesda,MD,US,Darby Road,20817
EC:1B:BD:62:26:D1,AiM-SOLO2DL-505656-ADAM LZ,47.87016296,-121.98688507,EC:1B:BD,6,wpa2,2025-08-09T21:00:00.000Z,2025-08-09T15:00:00.000Z,,WA,US,,
EC:1B:BD:62:26:DF,AiM-SOLO2DL-505644-AASBO,47.87047577,-121.98723602,EC:1B:BD,1,wpa2,2022-06-11T19:00:00.000Z,2025-08-09T15:00:00.000Z,,WA,US,,
EC:1B:BD:62:48:5D,DISTO 1420127,39.52344894,-119.7638855,EC:1B:BD,11,none,2026-07-17T15:00:00.000Z,2026-07-20T10:00:00.000Z,,NV,US,Greg Street,89595
EC:1B:BD:62:50:65,AiM-MYC5-059532-Karlos,50.08806229,12.45107841,EC:1B:BD,6,wpa2,2024-10-15T14:00:00.000Z,2024-10-16T11:00:00.000Z,,Severozápad,CZ,D6,
EC:1B:BD:62:56:38,AiM-MYC5-059277-Coursey,39.85325623,-85.41082764,EC:1B:BD,11,unknown,2025-06-06T12:00:00.000Z,2025-06-06T06:00:00.000Z,,IN,US,I 70,47385
EC:1B:BD:62:56:F6,AiM-MYC5-059443-MYCHRON5,39.85322571,-85.40882111,EC:1B:BD,1,unknown,2025-06-06T12:00:00.000Z,2025-06-06T06:00:00.000Z,,IN,US,I 70,47385
EC:1B:BD:62:57:17,AiM-MYC5-060081,48.03252411,16.8254776,EC:1B:BD,6,unknown,2025-06-14T16:00:00.000Z,2025-06-14T09:00:00.000Z,,Niederösterreich,AT,Ostautobahn,2471
EC:1B:BD:62:DC:51,AiM-MYC5-060649,43.07964325,-76.22518158,EC:1B:BD,1,none,2026-07-11T15:00:00.000Z,2026-07-11T09:00:00.000Z,,NY,US,Pumphouse Road,13209
EC:1B:BD:62:DE:3C,AiM-MXM-601231-RW,38.92239761,-105.03596497,EC:1B:BD,1,unknown,2021-03-13T08:00:00.000Z,2026-07-16T09:00:00.000Z,,CO,US,Pikes Peak Highway,80819
EC:1B:BD:62:DF:24,AiM-MXM-601180-MXm ID Carrera,50.44336319,5.96864557,EC:1B:BD,11,unknown,2025-05-24T11:00:00.000Z,2025-05-26T14:00:00.000Z,,Liège,BE,Support Pit Lane,4970
EC:1B:BD:62:E3:12,AiM-MYC5-060920,43.62176132,-124.19628143,EC:1B:BD,6,none,2026-08-02T00:00:00.000Z,2026-08-02T17:00:00.000Z,,OR,US,,
EC:1B:BD:62:E6:90,AiM-MYC5-062868-Hoffmann,50.29043579,9.27981091,EC:1B:BD,6,unknown,2026-03-08T12:00:00.000Z,2026-03-08T09:00:00.000Z,,Hessen,DE,Langgasse,63607
EC:1B:BD:62:E7:A4,AiM-MYC5-061437-DOSTAL JAN,48.03209686,16.8266201,EC:1B:BD,11,wpa2,2023-08-18T14:00:00.000Z,2024-08-18T13:00:00.000Z,,Niederösterreich,AT,Ostautobahn,2471
EC:1B:BD:63:4B:64,AiM-MXM-601547,43.96236038,12.68383503,EC:1B:BD,1,unknown,2026-04-26T10:00:00.000Z,2026-05-04T10:00:00.000Z,,Emilia-Romagna,IT,Via Marco Simoncelli,47843
EC:1B:BD:63:4C:E8,AiM-MXM-601282-MXm PMF,43.96247482,12.68568611,EC:1B:BD,6,wpa2,2026-04-26T08:00:00.000Z,2026-05-04T10:00:00.000Z,,Emilia-Romagna,IT,Via Marco Simoncelli,47843
EC:1B:BD:63:4D:09,AiM-MXM-601679-BMW E30 325i,50.33543015,6.94730377,EC:1B:BD,6,unknown,2025-10-18T14:00:00.000Z,2025-10-18T11:00:00.000Z,,Rheinland-Pfalz,DE,Nürburgring Sprintstrecke,53520
EC:1B:BD:63:4E:DD,AiM-MX-UTV-100678,33.2644577,-111.95530701,EC:1B:BD,1,unknown,2025-03-15T16:00:00.000Z,2025-03-15T22:00:00.000Z,,AZ,US,I 10,85048
EC:1B:BD:63:50:EB,AiM-MYC5-063326,-38.05849457,144.38163757,EC:1B:BD,6,unknown,2026-02-04T00:00:00.000Z,2026-02-03T19:00:00.000Z,,Victoria,AU,Geelong Ring Road,3214
EC:1B:BD:63:53:02,AiM-MYC5-062765-FILO141,45.16482544,8.81524658,EC:1B:BD,6,wpa2,2025-11-03T09:00:00.000Z,2025-11-03T11:00:00.000Z,,Lombardia,IT,SP16,27034
EC:1B:BD:63:92:97,PEL104-198897ULH,51.7991333,6.14335155,EC:1B:BD,1,wpa2,2026-05-20T12:00:00.000Z,2026-05-20T10:00:00.000Z,Kleve,Nordrhein-Westfalen,DE,Klever Ring,47533
EC:1B:BD:63:94:27,PEL105-195934TKH,49.4817543,8.46852112,EC:1B:BD,1,wpa2,2025-07-11T16:00:00.000Z,2025-12-03T11:00:00.000Z,Mannheim,Baden-Württemberg,DE,,68161
EC:1B:BD:7A:7C:19,,30.18125916,-97.17150116,EC:1B:BD,0,unknown,2024-10-09T06:00:00.000Z,2024-10-09T17:00:00.000Z,,TX,US,TX 21,78659
EC:1B:BD:8C:CA:2B,2A_B10X-2204025531,37.33863449,-121.88735199,EC:1B:BD,0,unknown,2025-08-23T00:00:00.000Z,2025-08-23T02:00:00.000Z,San Jose,CA,US,North 4th Street,95112-3580
EC:1B:BD:A5:F3:28,VG0077AP,56.04219818,92.89302826,EC:1B:BD,7,unknown,2023-06-29T09:00:00.000Z,2024-11-22T04:00:00.000Z,Красноярск,Красноярский край,RU,улица Шахтёров,660000
EC:1B:BD:BD:12:E2,IRIDIUM-45243,-37.30113983,146.13908386,EC:1B:BD,5,unknown,2026-04-04T03:00:00.000Z,2026-04-05T03:00:00.000Z,,Victoria,AU,Chenery Street,
EC:1B:BD:BD:13:C9,IRIDIUM-45209,34.17580032,-119.22467041,EC:1B:BD,5,unknown,2024-08-31T00:00:00.000Z,2024-08-30T19:00:00.000Z,Oxnard,CA,US,West Channel Islands Boulevard,93035
EC:1B:BD:BD:17:5A,3DD_01762564,36.07246017,-115.23517609,EC:1B:BD,1,unknown,2024-01-29T20:00:00.000Z,2026-08-12T11:00:00.000Z,,NV,US,West Sunset Road,89113-4057
EC:1B:BD:BD:18:E1,IRIDIUM-45842,35.9016571,14.50006676,EC:1B:BD,5,wpa2,2024-12-09T17:00:00.000Z,2024-12-11T05:00:00.000Z,,Ċentrali,MT,Triq Il-Forti Manoel,GZR 1023
EC:1B:BD:BD:18:FA,20140773,55.65306091,12.54514313,EC:1B:BD,11,wpa2,2020-11-20T10:00:00.000Z,2026-06-09T04:00:00.000Z,København,Region Hovedstaden,DK,Teglholmsgade,2450
EC:1B:BD:BD:18:FC,20140780,55.53914642,9.67398357,EC:1B:BD,11,wpa2,2021-10-24T20:00:00.000Z,2026-07-11T10:00:00.000Z,,Region Syddanmark,DK,Taulovmotorvejen,7000
EC:1B:BD:BD:19:02,20149112,43.54284286,10.70695782,EC:1B:BD,11,wpa2,2025-09-06T07:00:00.000Z,2026-01-02T08:00:00.000Z,,Toscana,IT,Strada Provinciale 41 di Peccioli,56030
EC:1B:BD:BD:19:1F,20140775,55.53920746,9.67359066,EC:1B:BD,11,wpa2,2021-05-16T12:00:00.000Z,2026-06-18T10:00:00.000Z,,Region Syddanmark,DK,Taulovmotorvejen,7000
EC:1B:BD:BD:19:B0,20140787,55.64460754,12.1257658,EC:1B:BD,11,wpa2,2024-01-18T10:00:00.000Z,2026-04-26T07:00:00.000Z,Roskilde,Region Sjælland,DK,Industrivej,4000
EC:1B:BD:BD:19:DC,20187697,56.14995575,8.93440819,EC:1B:BD,11,wpa2,2025-05-14T07:00:00.000Z,2025-05-14T03:00:00.000Z,,Region Midtjylland,DK,Holstebrovej,7400
EC:1B:BD:BD:1A:90,20095970,51.56301498,0.65908557,EC:1B:BD,11,wpa2,2020-02-18T10:00:00.000Z,2026-04-06T04:00:00.000Z,Southend-on-Sea,England,GB,Southend Arterial Road,SS9 5UU
EC:1B:BD:BD:1A:91,WB20134548,48.13035583,11.67303467,EC:1B:BD,11,wpa2,2024-05-13T10:00:00.000Z,2025-06-22T14:00:00.000Z,München,Bayern,DE,Truchthari-Anger,81829
EC:1B:BD:BD:1A:AF,20146338,55.53911972,9.67413425,EC:1B:BD,11,wpa2,2021-05-16T12:00:00.000Z,2026-07-11T10:00:00.000Z,,Region Syddanmark,DK,Taulovmotorvejen,7000
EC:1B:BD:BD:1A:B6,20095962,49.47499847,6.36605024,EC:1B:BD,11,wpa2,2022-07-25T15:00:00.000Z,2026-03-29T01:00:00.000Z,,Canton Remich,LU,Wäistrooss,5445
EC:1B:BD:BD:1B:05,20140769,55.52427292,9.7475214,EC:1B:BD,11,wpa2,2020-06-17T16:00:00.000Z,2026-06-18T10:00:00.000Z,,Region Syddanmark,DK,Fynske Motorvej,5500
EC:1B:BD:BD:1B:07,20140792,55.92867661,12.26222324,EC:1B:BD,11,wpa2,2020-08-21T10:00:00.000Z,2026-03-04T04:00:00.000Z,,Region Hovedstaden,DK,Egespurs Alle,3400
EC:1B:BD:BD:1B:10,20140782,55.66416931,12.37652779,EC:1B:BD,11,wpa2,2020-11-16T10:00:00.000Z,2025-10-03T05:00:00.000Z,,Region Hovedstaden,DK,Hovedvejen,2600
EC:1B:BD:BD:1B:1C,20140791,55.64463806,12.12571907,EC:1B:BD,11,wpa2,2026-04-22T16:00:00.000Z,2026-08-12T11:00:00.000Z,Roskilde,Region Sjælland,DK,Industrivej,4000
EC:1B:BD:BD:1D:39,3DD_01762525,32.62734604,-117.10673523,EC:1B:BD,1,unknown,2025-01-11T17:00:00.000Z,2025-01-11T10:00:00.000Z,Chula Vista,CA,US,Plover Way,92010-1407
EC:1B:BD:BD:1E:15,20140788,55.92829514,12.26256752,EC:1B:BD,11,wpa2,2020-08-21T10:00:00.000Z,2026-03-04T04:00:00.000Z,,Region Hovedstaden,DK,Egespurs Alle,3400
EC:1B:BD:BD:1E:2F,IRIDIUM-45414,-38.68214417,143.38339233,EC:1B:BD,5,unknown,2024-09-22T05:00:00.000Z,2024-09-22T05:00:00.000Z,,Victoria,AU,Great Ocean Road,3288
EC:1B:BD:BD:22:F1,,39.57151031,-86.3711853,EC:1B:BD,6,unknown,2024-09-17T04:00:00.000Z,2025-07-16T19:00:00.000Z,,IN,US,North Country Club Road,46111
EC:1B:BD:BD:27:43,,37.51612091,-120.88034058,EC:1B:BD,6,unknown,2024-09-13T19:00:00.000Z,2024-09-13T13:00:00.000Z,Turlock,CA,US,CA 99,95382
EC:1B:BD:BD:27:63,Flock,48.9262886,2.48151994,EC:1B:BD,1,wpa2,2026-07-13T17:00:00.000Z,2026-07-14T01:00:00.000Z,,Île-de-France,FR,A 3,93600
EC:1B:BD:BD:37:D7,,-23.32321548,-46.87123489,EC:1B:BD,1,wpa2,2024-08-04T00:00:00.000Z,2024-12-14T18:00:00.000Z,,São Paulo,BR,Estrada Paulo Rocha de Carvalho,07778-750
EC:1B:BD:BD:3A:79,,-8.19460487,-35.56362152,EC:1B:BD,1,wpa2,2024-12-03T17:00:00.000Z,2025-06-24T10:00:00.000Z,,Pernambuco,BR,Avenida Cicero Batista de Oliveira,55642-538
EC:1B:BD:BD:3E:67,,-8.17777157,-34.94914246,EC:1B:BD,1,wpa2,2024-06-15T09:00:00.000Z,2025-07-16T09:00:00.000Z,Jaboatão dos Guararapes,Pernambuco,BR,Rodovia Governador Mário Covas,54345-160
EC:1B:BD:BD:40:98,,-26.04782486,-48.86069489,EC:1B:BD,1,wpa2,2025-01-16T12:00:00.000Z,2025-01-16T05:00:00.000Z,,Santa Catarina,BR,Rodovia Governador Mário Covas,89248-000
EC:1B:BD:BD:40:C2,,-29.15714836,-49.73271179,EC:1B:BD,1,wpa2,2025-02-21T15:00:00.000Z,2025-02-23T02:00:00.000Z,Santa Rosa do Sul,Santa Catarina,BR,Rodovia Governador Mário Covas,
EC:1B:BD:BD:42:6D,,-26.93072319,-52.82648087,EC:1B:BD,1,wpa2,2025-03-28T16:00:00.000Z,2025-03-28T14:00:00.000Z,,Santa Catarina,BR,Rodovia Ulysses Guimarães,89818-000
EC:1B:BD:BD:48:04,,-25.59020805,-49.40970612,EC:1B:BD,1,wpa2,2024-11-13T18:00:00.000Z,2024-11-15T06:00:00.000Z,Araucária,Paraná,BR,Rodovia do Xisto,83703-035
EC:1B:BD:BD:49:F5,Flock,59.33990479,18.06759644,EC:1B:BD,1,wpa2,2026-05-15T11:00:00.000Z,2026-06-23T06:00:00.000Z,Stockholm,Stockholms län,SE,Birger Jarlsgatan,114 29
EC:1B:BD:BD:4A:2E,,19.41822243,-99.16437531,EC:1B:BD,1,unknown,2024-11-10T21:00:00.000Z,2024-11-20T20:00:00.000Z,Ciudad de México,Colonia Roma Norte,MX,Avenida Monterrey,06700
EC:1B:BD:BD:4B:10,20467576,47.30121994,16.20031929,EC:1B:BD,11,wpa2,2021-03-16T15:00:00.000Z,2025-01-27T03:00:00.000Z,,Burgenland,AT,Wienerstraße,7400
EC:1B:BD:BD:4B:36,20426103,-39.63740158,176.85357666,EC:1B:BD,11,wpa2,2024-02-29T03:00:00.000Z,2026-01-15T18:00:00.000Z,Hastings,Hawke's Bay,NZ,Karamu Road North,4122
EC:1B:BD:BD:4B:86,,48.21352768,16.36301231,EC:1B:BD,1,unknown,2026-02-16T11:00:00.000Z,2026-02-16T04:00:00.000Z,Wien,Schottenviertel,AT,Schottengasse,1010
EC:1B:BD:BD:53:00,20178625,24.85529327,46.73404312,EC:1B:BD,11,wpa2,2025-05-02T18:00:00.000Z,2026-07-10T12:00:00.000Z,,منطقة الرياض,SA,,11263
EC:1B:BD:BD:53:68,17648254,48.20288086,15.89220905,EC:1B:BD,11,wpa2,2024-07-18T05:00:00.000Z,2024-08-28T00:00:00.000Z,Gemeinde Neulengbach,Niederösterreich,AT,Umseer Straße,3040
EC:1B:BD:BD:53:B0,20190627,52.09560394,-2.7454834,EC:1B:BD,11,wpa2,2024-12-11T16:00:00.000Z,2024-12-11T10:00:00.000Z,,England,GB,Bewdley Bank,HR4 8AG
EC:1B:BD:BD:53:B3,20176813,47.5675354,15.61928272,EC:1B:BD,9,wpa2,2020-06-05T16:00:00.000Z,2026-07-25T09:00:00.000Z,,Steiermark,AT,Grazer Straße,8665
EC:1B:BD:BD:53:DB,20176775,41.36510468,-8.74802208,EC:1B:BD,11,wpa2,2020-09-05T18:00:00.000Z,2025-08-15T08:00:00.000Z,Vila do Conde,Porto,PT,Rua 5 de Outubro,4480-000
EC:1B:BD:BD:53:EB,20176808,51.83765793,6.63483429,EC:1B:BD,11,wpa2,2022-06-08T17:00:00.000Z,2025-07-18T19:00:00.000Z,,Nordrhein-Westfalen,DE,Münsterstraße,46397
EC:1B:BD:BD:53:F9,20176803,51.44865417,7.38606644,EC:1B:BD,11,wpa2,2021-12-25T13:00:00.000Z,2025-12-17T13:00:00.000Z,,Nordrhein-Westfalen,DE,Friedrich-Ebert-Straße,58453
EC:1B:BD:BD:54:08,20190656,52.45453262,13.30018711,EC:1B:BD,11,wpa2,2021-12-26T19:00:00.000Z,2024-12-16T12:00:00.000Z,Berlin,Steglitz-Zehlendorf,DE,Gustav-Meyer-Straße,14195
EC:1B:BD:BD:54:23,W_CAW,48.6893959,9.42148018,EC:1B:BD,11,wpa2,2024-11-15T10:00:00.000Z,2024-12-02T08:00:00.000Z,,Baden-Württemberg,DE,Kirchheimer Straße,73249
EC:1B:BD:BD:54:2E,20148843,51.56302261,0.65728509,EC:1B:BD,11,wpa2,2021-11-30T08:00:00.000Z,2026-04-06T04:00:00.000Z,Southend-on-Sea,England,GB,Southend Arterial Road,SS9 5UU
EC:1B:BD:BD:54:3F,20176852,48.17250061,11.4678545,EC:1B:BD,11,wpa2,2024-09-22T17:00:00.000Z,2024-09-22T10:00:00.000Z,München,Bayern,DE,Slezakstraße,81247
EC:1B:BD:BD:54:5F,20215571,50.09958649,14.17505741,EC:1B:BD,11,wpa2,2024-11-26T07:00:00.000Z,2024-11-27T03:00:00.000Z,,Střední Čechy,CZ,D6,273 53
EC:1B:BD:BD:54:70,20215577,35.32738113,25.17773628,EC:1B:BD,11,wpa2,2023-09-16T16:00:00.000Z,2025-07-15T09:00:00.000Z,Δημοτική Ενότητα Νέας Αλικαρνασσού,Αποκεντρωμένη Διοίκηση Κρήτης,GR,Βόρειος Οδικός Άξονας Κρήτης,71601
EC:1B:BD:BD:54:71,20215567,40.5435524,22.9863987,EC:1B:BD,12,wpa2,2003-03-25T08:00:00.000Z,2026-04-25T15:00:00.000Z,Δημοτική Ενότητα Πυλαίας,Αποκεντρωμένη Διοίκηση Μακεδονίας - Θράκης,GR,Γεωργικής Σχολής,570 01
EC:1B:BD:BD:54:BC,20232054,47.03478622,15.44042969,EC:1B:BD,11,wpa2,2022-09-11T09:00:00.000Z,2025-12-05T12:00:00.000Z,Graz,Steiermark,AT,Puchstraße,8055
EC:1B:BD:BD:57:42,SDU-20216006,-43.54149246,172.57511902,EC:1B:BD,6,wpa2,2022-12-15T10:00:00.000Z,2026-04-15T22:00:00.000Z,Christchurch,Canterbury,NZ,Annex Road,8041
EC:1B:BD:BD:58:2B,20266128,50.89973831,20.5975132,EC:1B:BD,11,wpa2,2023-03-13T01:00:00.000Z,2026-07-11T10:00:00.000Z,,województwo świętokrzyskie,PL,Transportowców,25-678
EC:1B:BD:BD:59:B3,20308911,52.5011673,-1.96039712,EC:1B:BD,11,wpa2,2023-11-13T16:00:00.000Z,2026-07-11T15:00:00.000Z,Sandwell,England,GB,Mornington Road,B66 2DJ
EC:1B:BD:BD:59:F0,20392198,48.47870636,8.95425224,EC:1B:BD,11,wpa2,2021-03-11T01:00:00.000Z,2026-04-21T12:00:00.000Z,,Baden-Württemberg,DE,Wilhelm-Maybach-Straße,72108
EC:1B:BD:BD:59:F8,20392199,50.93913269,11.5839262,EC:1B:BD,11,wpa2,2025-01-15T12:00:00.000Z,2025-02-11T13:00:00.000Z,Jena,Thüringen,DE,Johann-Griesbach-Straße,07743
EC:1B:BD:BD:5A:01,20392206,48.05960464,11.52729225,EC:1B:BD,11,wpa2,2020-12-20T14:00:00.000Z,2026-06-13T05:00:00.000Z,,Bayern,DE,Charlottenweg,82049
EC:1B:BD:BD:5A:09,20426079,57.66429138,12.05121899,EC:1B:BD,11,wpa2,2026-08-11T14:00:00.000Z,2026-08-11T08:00:00.000Z,,Västra Götalands län,SE,Rådavägen,431 36
EC:1B:BD:BD:5A:0B,20524132,14.58463192,120.99126434,EC:1B:BD,11,wpa2,2026-07-23T08:00:00.000Z,2026-07-23T05:00:00.000Z,Manila,Metro Manila,PH,United Nations Avenue,1007
EC:1B:BD:BD:5A:37,20360348,48.59080887,9.22058678,EC:1B:BD,11,wpa2,2023-03-09T15:00:00.000Z,2025-06-01T10:00:00.000Z,,Baden-Württemberg,DE,Walddorfer Straße,72657
EC:1B:BD:BD:5A:3D,20392211,49.97676849,14.39178371,EC:1B:BD,11,wpa2,2026-03-21T10:00:00.000Z,2026-03-21T04:00:00.000Z,Hlavní město Praha,Praha,CZ,Bartoňova,15600
EC:1B:BD:BD:5B:E6,20315130,-12.98286247,-38.46593094,EC:1B:BD,11,wpa2,2023-01-05T07:00:00.000Z,2026-01-09T14:00:00.000Z,Salvador,Bahia,BR,Rua da Alfazema,41820-710
EC:1B:BD:BD:5B:EC,20426118,48.05366516,11.5367918,EC:1B:BD,11,wpa2,2021-06-09T06:00:00.000Z,2025-04-30T13:00:00.000Z,,Bayern,DE,Südliche Münchner Straße,82031
EC:1B:BD:BD:5C:26,20389405,62.39132309,17.26906967,EC:1B:BD,11,wpa2,2025-01-07T15:00:00.000Z,2025-04-18T14:00:00.000Z,Sundsvall,Västernorrlands län,SE,Bergsgatan,85353
EC:1B:BD:BD:5C:27,20389402,57.41236877,15.0784483,EC:1B:BD,11,wpa2,2021-03-02T20:00:00.000Z,2024-11-01T08:00:00.000Z,,Jönköpings län,SE,Västerleden,574 39
EC:1B:BD:BD:5F:56,20211593,42.7649498,11.10870171,EC:1B:BD,11,wpa2,2026-01-16T07:00:00.000Z,2026-01-16T10:00:00.000Z,Grosseto,Toscana,IT,Viale Giacomo Matteotti,58100
EC:1B:BD:BD:5F:C5,20187709,55.7334404,12.46109676,EC:1B:BD,11,wpa2,2020-09-02T05:00:00.000Z,2026-02-19T10:00:00.000Z,,Region Hovedstaden,DK,Transformervej,2860
EC:1B:BD:BD:5F:DE,20187721,55.6501503,12.52166176,EC:1B:BD,11,wpa2,2020-12-24T13:00:00.000Z,2026-06-16T22:00:00.000Z,København,Region Hovedstaden,DK,Ellebjergvej,2450
EC:1B:BD:BD:60:00,20187718,57.03123856,9.92838287,EC:1B:BD,11,wpa2,2025-03-29T19:00:00.000Z,2025-12-19T01:00:00.000Z,Aalborg,Region Nordjylland,DK,Sønderbro,9000
EC:1B:BD:BD:60:13,20187700,56.15026093,8.93430614,EC:1B:BD,11,wpa2,2025-05-14T06:00:00.000Z,2025-08-19T05:00:00.000Z,,Region Midtjylland,DK,Holstebrovej,7400
EC:1B:BD:BD:60:3A,20187716,56.6541214,9.79484558,EC:1B:BD,11,wpa2,2022-06-26T13:00:00.000Z,2026-06-20T08:00:00.000Z,,Region Nordjylland,DK,Aalborgvej,9500
EC:1B:BD:BD:60:55,20187720,56.65322495,9.79523182,EC:1B:BD,11,wpa2,2025-06-06T11:00:00.000Z,2026-06-20T08:00:00.000Z,,Region Nordjylland,DK,Aalborgvej,9500
EC:1B:BD:BD:63:07,DoughboyFieldControls,32.36606216,-84.96404266,EC:1B:BD,11,wpa2,2023-04-02T18:00:00.000Z,2026-08-08T15:00:00.000Z,Chattahoochee County,GA,US,Ingersoll Street,31905
EC:1B:BD:BD:63:60,simplySnap_6487e2,43.79512405,-88.44229889,EC:1B:BD,1,wpa2,2021-06-13T12:00:00.000Z,2026-07-11T19:00:00.000Z,Fond du Lac,WI,US,Harbor View Trail,54936-1940
EC:1B:BD:BD:63:80,Ephesus_6488d1,32.00681686,-102.10248566,EC:1B:BD,1,wpa2,2021-09-22T09:00:00.000Z,2026-07-16T07:00:00.000Z,Midland,TX,US,North N Street,79705
EC:1B:BD:BD:63:86,GFLGARDENS,46.51345062,-84.33691406,EC:1B:BD,11,wep,2026-05-05T19:00:00.000Z,2026-05-23T10:00:00.000Z,Sault Ste. Marie,Ontario,CA,Queen Street East,P6A 1Y9
EC:1B:BD:BD:63:DB,SEMINOLEHIGH,31.03104591,-84.88080597,EC:1B:BD,11,wpa2,2025-02-11T23:00:00.000Z,2025-11-05T10:00:00.000Z,,GA,US,Marianna Highway,39845
EC:1B:BD:BD:64:90,Greenhouse1Lighting,45.66179276,-110.95683289,EC:1B:BD,6,wpa2,2021-11-03T09:00:00.000Z,2025-06-14T14:00:00.000Z,,MT,US,I 90;US 191,
EC:1B:BD:BD:64:BE,simplySnap_64887a,40.57376862,-84.20423889,EC:1B:BD,11,wpa2,2025-03-09T14:00:00.000Z,2025-03-09T18:00:00.000Z,,OH,US,Barbara Lane,45895
EC:1B:BD:BD:64:EA,simplySnap_64887c,35.76323318,-96.64302063,EC:1B:BD,11,wpa2,2022-01-20T23:00:00.000Z,2026-08-12T07:00:00.000Z,,OK,US,Governor Roy Joseph Turner Turnpike,74079
EC:1B:BD:BD:65:B3,Ephesus_6489e7,46.29692459,-79.45578003,EC:1B:BD,6,wpa2,2022-09-30T20:00:00.000Z,2026-01-19T02:00:00.000Z,North Bay,Ontario,CA,Main Street East,P1B 1E8
EC:1B:BD:BD:68:BE,20817424,49.85599899,8.62617874,EC:1B:BD,11,wpa2,2025-05-01T08:00:00.000Z,2025-05-15T10:00:00.000Z,Darmstadt,Hessen,DE,Mahatma-Gandhi-Straße,64295
EC:1B:BD:BD:68:BF,20807099,48.83002853,9.12881374,EC:1B:BD,11,wpa2,2023-02-17T16:00:00.000Z,2026-04-23T06:00:00.000Z,,Baden-Württemberg,DE,Zuffenhauser Straße,70825
EC:1B:BD:BD:68:CA,20807089,52.63807678,9.20558739,EC:1B:BD,11,wpa2,2021-08-20T14:00:00.000Z,2026-01-22T05:00:00.000Z,,Niedersachsen,DE,Marktplatz,31582
EC:1B:BD:BD:68:DA,20662883,46.9669075,16.26145172,EC:1B:BD,11,wpa2,2021-03-13T13:00:00.000Z,2024-12-16T23:00:00.000Z,,Burgenland,AT,Industriegelände,7561
EC:1B:BD:BD:68:DD,20678272,49.46754837,11.09731388,EC:1B:BD,11,wpa2,2023-06-18T16:00:00.000Z,2026-07-30T10:00:00.000Z,Nürnberg,Bayern,DE,Hintermayrstraße,90409
EC:1B:BD:BD:68:E5,20817437,51.02675629,6.9272356,EC:1B:BD,11,wpa2,2021-10-04T11:00:00.000Z,2026-04-14T22:00:00.000Z,Köln,Nordrhein-Westfalen,DE,Industriestraße,50769
EC:1B:BD:BD:68:EF,20765411,50.803936,3.92903328,EC:1B:BD,11,wpa2,2026-07-05T10:00:00.000Z,2026-07-05T03:00:00.000Z,,Oost-Vlaanderen,BE,Neerstraat,9506
EC:1B:BD:BD:68:F4,20659011,53.18700027,8.22815895,EC:1B:BD,11,wpa2,2026-03-20T14:00:00.000Z,2026-03-20T07:00:00.000Z,Oldenburg,Niedersachsen,DE,Wilhelmshavener Heerstraße,26125
EC:1B:BD:BD:69:12,20750245,47.93055725,13.80102253,EC:1B:BD,11,wpa2,2025-04-13T09:00:00.000Z,2025-07-31T06:00:00.000Z,,Oberösterreich,AT,Linzerstraße,4810
EC:1B:BD:BD:69:16,20689948,53.45637131,10.0618391,EC:1B:BD,11,wpa2,2023-11-16T14:00:00.000Z,2025-04-06T08:00:00.000Z,,Niedersachsen,DE,Elbdeich,21217
EC:1B:BD:BD:69:17,20662864,47.07344818,16.31995964,EC:1B:BD,11,wpa2,2020-10-30T10:00:00.000Z,2025-11-28T03:00:00.000Z,Gemeinde Güssing,Burgenland,AT,B57,7540
EC:1B:BD:BD:69:1A,20662863,47.29325104,16.20581627,EC:1B:BD,11,wpa2,2022-12-16T10:00:00.000Z,2026-01-02T04:00:00.000Z,,Burgenland,AT,Wienerstraße,7400
EC:1B:BD:BD:69:1B,20662860,46.9367485,16.14174271,EC:1B:BD,11,wpa2,2026-03-30T09:00:00.000Z,2026-03-30T02:00:00.000Z,,Burgenland,AT,Hauptplatz,8380
EC:1B:BD:BD:69:23,20662870,46.9385643,16.14496231,EC:1B:BD,11,wpa2,2021-06-03T18:00:00.000Z,2026-06-09T02:00:00.000Z,,Burgenland,AT,Eisenstädter Straße,8380
EC:1B:BD:BD:69:2C,20662862,47.99883652,16.87108612,EC:1B:BD,11,wpa2,2021-03-28T19:00:00.000Z,2026-03-17T23:00:00.000Z,,Burgenland,AT,Neudorferstraße-Betriebsgebiet,7111
EC:1B:BD:BD:69:32,20671151,48.14605331,11.48076057,EC:1B:BD,11,wpa2,2021-01-05T14:00:00.000Z,2025-01-17T06:00:00.000Z,München,Bayern,DE,Landsberger Straße,81241
EC:1B:BD:BD:69:34,20662868,47.73610306,16.41090012,EC:1B:BD,11,wpa2,2024-02-07T07:00:00.000Z,2025-10-15T22:00:00.000Z,Mattersburg,Burgenland,AT,Bauweltstraße,7210
EC:1B:BD:BD:69:36,20662855,47.83011627,16.53074455,EC:1B:BD,11,wpa2,2021-03-23T16:00:00.000Z,2026-01-15T10:00:00.000Z,,Burgenland,AT,Ruster Straße,7000
EC:1B:BD:BD:69:38,20662856,47.83021164,16.53074265,EC:1B:BD,11,wpa2,2021-03-23T16:00:00.000Z,2026-01-15T10:00:00.000Z,,Burgenland,AT,Ruster Straße,7000
EC:1B:BD:BD:69:3B,20662858,47.71965408,16.37554359,EC:1B:BD,11,wpa2,2024-09-22T14:00:00.000Z,2024-09-29T12:00:00.000Z,Mattersburg,Burgenland,AT,L223,7210
EC:1B:BD:BD:69:3F,20659015,48.54947281,9.44898891,EC:1B:BD,11,wpa2,2026-04-28T20:00:00.000Z,2026-04-28T13:00:00.000Z,,Baden-Württemberg,DE,Schulstraße,73252
EC:1B:BD:BD:69:48,21002199,52.97566986,10.54679871,EC:1B:BD,11,wpa2,2024-06-28T13:00:00.000Z,2025-12-19T08:00:00.000Z,,Niedersachsen,DE,Ebstorfer Straße,29525
EC:1B:BD:BD:69:4D,21002198,48.22394562,16.35900879,EC:1B:BD,11,wep,2026-02-02T10:00:00.000Z,2026-02-04T22:00:00.000Z,Wien,Thurygrund,AT,Alserbachstraße,1090
EC:1B:BD:BD:69:56,21002204,48.0750351,16.3093853,EC:1B:BD,11,wpa2,2023-02-22T08:00:00.000Z,2024-11-12T21:00:00.000Z,Gemeinde Wiener Neudorf,Niederösterreich,AT,Brown-Boveri-Straße,2351
EC:1B:BD:BD:69:65,21002276,47.0816803,15.95819283,EC:1B:BD,11,wpa2,2025-02-09T08:00:00.000Z,2025-02-09T02:00:00.000Z,,Steiermark,AT,Gleisdorfer Bundesstraße,8262
EC:1B:BD:BD:69:97,21002195,48.0311203,16.29224396,EC:1B:BD,11,wpa2,2024-09-29T08:00:00.000Z,2024-09-29T12:00:00.000Z,,Niederösterreich,AT,Badener Straße,2514
EC:1B:BD:BD:69:D0,20728303,53.03447342,8.88454914,EC:1B:BD,11,wpa2,2021-11-16T07:00:00.000Z,2026-04-01T10:00:00.000Z,Bremen,Bremen,DE,Europaallee,28309
EC:1B:BD:BD:69:D9,20742019,51.01008606,6.95526123,EC:1B:BD,11,wpa2,2023-12-28T13:00:00.000Z,2026-07-04T15:00:00.000Z,Köln,Nordrhein-Westfalen,DE,Emdener Straße,50735
EC:1B:BD:BD:69:F2,20687425,49.85594177,8.6263628,EC:1B:BD,11,wpa2,2025-05-01T08:00:00.000Z,2025-06-18T03:00:00.000Z,Darmstadt,Hessen,DE,Mahatma-Gandhi-Straße,64295
EC:1B:BD:BD:6A:0F,20662880,47.84095001,16.92968369,EC:1B:BD,11,wpa2,2024-07-28T05:00:00.000Z,2026-04-06T02:00:00.000Z,,Burgenland,AT,Mönchhoferstraße,7132
EC:1B:BD:BD:6A:14,20671150,48.1457634,11.48178101,EC:1B:BD,11,wpa2,2023-01-28T12:00:00.000Z,2025-02-26T13:00:00.000Z,München,Bayern,DE,Landsberger Straße,81241
EC:1B:BD:BD:6A:17,20750234,48.10660553,14.83260059,EC:1B:BD,11,wpa2,2021-04-17T11:00:00.000Z,2025-06-28T12:00:00.000Z,Gemeinde Amstetten,Niederösterreich,AT,B121,3300
EC:1B:BD:BD:6A:18,20690084,48.37169266,9.95002174,EC:1B:BD,11,wpa2,2021-05-24T21:00:00.000Z,2026-03-10T13:00:00.000Z,Ulm,Baden-Württemberg,DE,Erbacher Straße,89079
EC:1B:BD:BD:6A:1A,20662875,47.92552185,16.8637886,EC:1B:BD,11,wpa2,2024-09-21T10:00:00.000Z,2025-08-29T11:00:00.000Z,,Burgenland,AT,L310,7121
EC:1B:BD:BD:6A:20,20800998,47.17453384,7.33099937,EC:1B:BD,11,wpa2,2026-06-14T14:00:00.000Z,2026-06-14T10:00:00.000Z,,Bern/Berne,CH,Bielstrasse,2542
EC:1B:BD:BD:6A:2C,20777569,51.67568588,8.61867046,EC:1B:BD,11,wpa2,2024-11-23T09:00:00.000Z,2024-12-17T10:00:00.000Z,,Nordrhein-Westfalen,DE,Paderborner Straße,33154
EC:1B:BD:BD:6A:40,20801009,53.37870407,11.5927906,EC:1B:BD,11,wpa2,2023-10-21T13:00:00.000Z,2025-12-31T06:00:00.000Z,,Mecklenburg-Vorpommern,DE,Parchimer Straße,19306
EC:1B:BD:BD:6A:4E,20993811,48.31315231,14.31324291,EC:1B:BD,11,wpa2,2024-02-03T08:00:00.000Z,2026-04-27T06:00:00.000Z,Linz,Oberösterreich,AT,Industriezeile,4020
EC:1B:BD:BD:6A:79,21002168,45.61029053,9.24411964,EC:1B:BD,11,wpa2,2026-05-20T06:00:00.000Z,2026-05-20T03:00:00.000Z,,Lombardia,IT,Via Giuseppe Maggiolini,20851
EC:1B:BD:BD:6A:81,21002169,44.11537552,12.41334438,EC:1B:BD,11,wpa2,2021-06-04T10:00:00.000Z,2026-04-21T14:00:00.000Z,,Emilia-Romagna,IT,Autostrada Adriatica,47043
EC:1B:BD:BD:6A:8A,21002171,43.75815201,11.1702776,EC:1B:BD,11,wpa2,2020-12-12T14:00:00.000Z,2026-01-24T04:00:00.000Z,,Toscana,IT,Autostrada del Sole,50018
EC:1B:BD:BD:6B:5F,applegatelights,42.99129105,-83.67668152,EC:1B:BD,1,wpa2,2024-07-02T21:00:00.000Z,2026-02-15T15:00:00.000Z,Flint,MI,US,South Saginaw Street,48529
EC:1B:BD:BD:6B:61,simplySnap_648ab7,25.77663231,-80.18456268,EC:1B:BD,11,wpa2,2025-12-13T18:00:00.000Z,2025-12-14T20:00:00.000Z,Miami,FL,US,Biscayne Boulevard,33132
EC:1B:BD:BD:6C:24,simplySnap_6489f0,26.16215706,-97.65950012,EC:1B:BD,6,wpa2,2021-02-17T16:00:00.000Z,2026-05-09T21:00:00.000Z,San Benito,TX,US,Business 77,78586
EC:1B:BD:BD:6D:0C,Ephesus_6487bb,25.95718575,-80.23976898,EC:1B:BD,6,wpa2,2024-07-10T18:00:00.000Z,2025-12-28T15:00:00.000Z,,FL,US,101,33056
EC:1B:BD:BD:6D:14,simplySnap_6486e6,32.37495041,-96.11190033,EC:1B:BD,6,wpa2,2023-08-28T21:00:00.000Z,2026-07-07T09:00:00.000Z,,TX,US,US 175,75147
EC:1B:BD:BD:6D:17,simplySnap_648ae2,36.04924774,-79.79051208,EC:1B:BD,11,wpa2,2026-03-11T18:00:00.000Z,2026-06-21T21:00:00.000Z,Greensboro,NC,US,East Florida Street,27401
EC:1B:BD:BD:6D:41,simplySnap_6487e0,30.73379135,-88.04429626,EC:1B:BD,1,wpa2,2022-01-06T14:00:00.000Z,2026-07-27T17:00:00.000Z,Mobile,AL,US,Cochrane Bridge,36652
EC:1B:BD:BD:6D:43,simplySnap_6487e7,21.35662842,-157.89993286,EC:1B:BD,1,wpa2,2022-05-19T09:00:00.000Z,2026-06-09T09:00:00.000Z,Honolulu,HI,US,Ala Napunani Street,96818
EC:1B:BD:BD:6D:46,simplySnap_6489ac,42.13659668,-71.06518555,EC:1B:BD,1,wpa2,2025-12-10T00:00:00.000Z,2026-01-22T13:00:00.000Z,Avon,MA,US,Stockwell Drive,02322
EC:1B:BD:BD:6D:5B,Ephesus_CommunityBB,27.83241463,-97.07197571,EC:1B:BD,11,wpa2,2024-12-29T15:00:00.000Z,2025-01-15T10:00:00.000Z,,TX,US,South Cut Off Road,78373
EC:1B:BD:BD:6D:91,simplySnap_6486d7,37.79135895,-122.25892639,EC:1B:BD,11,wpa2,2020-07-26T17:00:00.000Z,2026-07-16T08:00:00.000Z,Oakland,CA,US,5th Avenue,94606-3636
EC:1B:BD:BD:6D:9D,simplySnap_6486e7,37.79258728,-122.26161957,EC:1B:BD,6,wpa2,2020-07-15T11:00:00.000Z,2026-05-11T14:00:00.000Z,Oakland,CA,US,Fallon Street,94607
EC:1B:BD:BD:6D:9E,Ephesus_64869f,40.39070892,-111.83551025,EC:1B:BD,11,wpa2,2020-07-19T13:00:00.000Z,2026-08-06T15:00:00.000Z,Lehi,UT,US,North 850 East,84043
EC:1B:BD:BD:6D:AB,FrenchFields,47.37527084,-122.21057129,EC:1B:BD,6,wpa2,2022-02-28T17:00:00.000Z,2026-06-14T23:00:00.000Z,,WA,US,98th Place South,98030
EC:1B:BD:BD:6D:B5,simplySnap_6489ef,35.85705566,-86.44589233,EC:1B:BD,6,wpa2,2020-12-19T21:00:00.000Z,2025-11-17T15:00:00.000Z,Murfreesboro,TN,US,I 24,37128
EC:1B:BD:BD:6D:B7,Ephesus_6489eb,40.05130005,-82.98720551,EC:1B:BD,1,wpa2,2021-01-19T14:00:00.000Z,2024-08-24T16:00:00.000Z,Columbus,OH,US,Karl Road,43224
EC:1B:BD:BD:6D:CF,simplySnap_6486d9,31.37109566,-100.31232452,EC:1B:BD,1,wpa2,2021-03-19T10:00:00.000Z,2026-03-19T18:00:00.000Z,,TX,US,US Highway 87 South,76957
EC:1B:BD:BD:6E:1D,Ephesus_64869b,43.52117538,-80.25272369,EC:1B:BD,6,wpa2,2021-12-15T19:00:00.000Z,2026-01-12T22:00:00.000Z,Guelph,Ontario,CA,Hanlon Expressway,N1G 1V5
EC:1B:BD:BD:6F:B4,20278416,50.9721756,7.05261755,EC:1B:BD,11,wpa2,2021-04-28T14:00:00.000Z,2026-07-28T08:00:00.000Z,Köln,Nordrhein-Westfalen,DE,Bergisch Gladbacher Straße,51067
EC:1B:BD:BD:6F:BC,20278419,53.09111404,8.80368042,EC:1B:BD,11,wpa2,2024-09-18T12:00:00.000Z,2025-07-26T13:00:00.000Z,Bremen,Bremen,DE,Geibelstraße,28215
EC:1B:BD:BD:6F:D4,20264611,51.80286026,19.42541695,EC:1B:BD,11,wpa2,2021-07-25T16:00:00.000Z,2026-08-13T11:00:00.000Z,,województwo łódzkie,PL,Aleja Włókniarzy,91-357
EC:1B:BD:BD:6F:F5,20215579,40.57656097,22.96991539,EC:1B:BD,11,wpa2,2022-07-21T02:00:00.000Z,2026-05-15T08:00:00.000Z,,Αποκεντρωμένη Διοίκηση Μακεδονίας - Θράκης,GR,Εθνικής Αντιστάσεως,55134
EC:1B:BD:BD:6F:F8,20264614,51.837883,9.46440029,EC:1B:BD,11,wpa2,2023-01-15T15:00:00.000Z,2025-05-01T12:00:00.000Z,,Niedersachsen,DE,Burgbergblick,37603
EC:1B:BD:BD:6F:FA,20215584,51.18920135,6.49825811,EC:1B:BD,11,wpa2,2020-07-07T18:00:00.000Z,2024-10-04T13:00:00.000Z,,Nordrhein-Westfalen,DE,Gilleshütte,41352
EC:1B:BD:BD:6F:FE,20264615,49.93489075,11.54990864,EC:1B:BD,11,wpa2,2025-01-04T08:00:00.000Z,2025-08-28T04:00:00.000Z,,Bayern,DE,Adolf-Wächter-Straße,95447
EC:1B:BD:BD:70:03,20264592,49.93489456,11.55018616,EC:1B:BD,11,wpa2,2025-01-04T08:00:00.000Z,2025-12-12T02:00:00.000Z,,Bayern,DE,Adolf-Wächter-Straße,95447
EC:1B:BD:BD:70:08,20278415,51.02639008,6.98971176,EC:1B:BD,11,wpa2,2021-05-14T08:00:00.000Z,2026-04-16T07:00:00.000Z,,Nordrhein-Westfalen,DE,Carl-Duisberg-Straße,51373
EC:1B:BD:BD:70:1D,20215592,49.96207047,9.07785797,EC:1B:BD,11,wpa2,2025-03-26T18:00:00.000Z,2025-03-27T10:00:00.000Z,,Bayern,DE,Obernburger Straße,63811
EC:1B:BD:BD:70:3C,20278399,51.80247116,19.42533684,EC:1B:BD,11,wpa2,2021-01-08T10:00:00.000Z,2026-08-13T11:00:00.000Z,,województwo łódzkie,PL,Aleja Włókniarzy,91-357
EC:1B:BD:BD:70:44,20239489,51.05516434,13.81334114,EC:1B:BD,11,wpa2,2021-01-10T16:00:00.000Z,2025-04-03T00:00:00.000Z,Dresden,Sachsen,DE,Körnerweg,01326
EC:1B:BD:BD:72:91,20285388,43.47859573,1.33467591,EC:1B:BD,11,wpa2,2021-03-27T14:00:00.000Z,2026-06-04T10:00:00.000Z,,Occitanie,FR,D 817,31600
EC:1B:BD:BD:72:93,20285392,45.62775421,-0.99673671,EC:1B:BD,11,wpa2,2026-06-17T07:00:00.000Z,2026-07-01T02:00:00.000Z,Royan,Nouvelle-Aquitaine,FR,Avenue Louis Bouchet,17200
EC:1B:BD:BD:72:EC,ENIO_Service,48.19576645,15.91028404,EC:1B:BD,11,wpa2,2025-08-11T01:00:00.000Z,2025-08-10T19:00:00.000Z,Gemeinde Neulengbach,Niederösterreich,AT,Wiener Straße,3040
EC:1B:BD:BD:74:3E,HS3_E2STB,45.09638977,7.66298389,EC:1B:BD,1,wpa2,2025-09-17T16:00:00.000Z,2025-09-17T10:00:00.000Z,Torino,Piemonte,IT,Via Borgaro,10149
EC:1B:BD:BD:76:86,HS3_BTXAB,45.08016586,7.68882084,EC:1B:BD,1,unknown,2025-03-01T14:00:00.000Z,2026-08-08T03:00:00.000Z,Torino,Piemonte,IT,Lungo Dora Firenze,10152
EC:1B:BD:BD:77:36,20278400,52.98646545,9.89809513,EC:1B:BD,11,wpa2,2024-10-07T03:00:00.000Z,2024-11-30T19:00:00.000Z,,Niedersachsen,DE,Up de Linnen,29614
EC:1B:BD:BD:77:3E,20360339,47.98188782,11.08818531,EC:1B:BD,11,wpa2,2025-01-06T18:00:00.000Z,2025-01-06T10:00:00.000Z,,Bayern,DE,Hübschenriederstraße,86911
EC:1B:BD:BD:8E:B7,PLT_205200014,48.1598587,11.60931587,EC:1B:BD,1,wpa2,2025-07-04T11:00:00.000Z,2025-07-04T13:00:00.000Z,München,Bayern,DE,Gustav-Freytag-Straße,81925
EC:1B:BD:BD:8E:DC,PLT_195200003,48.1760025,11.59319019,EC:1B:BD,1,wpa2,2026-02-09T11:00:00.000Z,2026-02-09T04:00:00.000Z,München,Bayern,DE,Walter-Gropius-Straße,80807
EC:1B:BD:BD:8F:27,PLT_202200007,49.36603928,11.20543003,EC:1B:BD,1,wpa2,2026-03-24T06:00:00.000Z,2026-05-14T12:00:00.000Z,,Bayern,DE,B 8,90537
EC:1B:BD:BD:8F:5A,PLT_206200001,47.49065781,7.60922623,EC:1B:BD,6,wpa2,2026-02-04T15:00:00.000Z,2026-03-17T23:00:00.000Z,,Basel-Landschaft,CH,Birseckstrasse,4144
EC:1B:BD:BD:8F:66,PLT_241200002,48.54870605,9.26782131,EC:1B:BD,1,wpa2,2025-03-01T14:00:00.000Z,2025-03-01T13:00:00.000Z,,Baden-Württemberg,DE,Nordtangente,72555
EC:1B:BD:BD:90:80,PLT_255200004,48.51557922,9.05804729,EC:1B:BD,1,wpa2,2024-08-23T09:00:00.000Z,2024-08-23T03:00:00.000Z,,Baden-Württemberg,DE,Hegelstraße,72072
EC:1B:BD:BD:91:47,Flock,43.65243149,-96.2095871,EC:1B:BD,1,wpa2,2026-05-28T15:00:00.000Z,2026-05-28T09:00:00.000Z,,MN,US,South Freeman Avenue,56156
EC:1B:BD:BD:91:5F,PLT_199200001,47.39175034,8.05677795,EC:1B:BD,11,wpa2,2025-01-09T13:00:00.000Z,2025-01-13T07:00:00.000Z,,Aargau,CH,Hintere Bahnhofstrasse,5000
EC:1B:BD:BD:92:02,TVHub-200900579,41.93361664,8.74571896,EC:1B:BD,1,unknown,2024-09-22T10:00:00.000Z,2024-09-22T12:00:00.000Z,Ajaccio,Corse,FR,Boulevard Charles Bonaparte,20090
EC:1B:BD:BD:92:E3,PLT_190200010,47.33076859,5.03848839,EC:1B:BD,11,wpa2,2025-08-25T12:00:00.000Z,2025-08-25T22:00:00.000Z,Dijon,Bourgogne-Franche-Comté,FR,Rue du 11 Novembre,21000
EC:1B:BD:BD:92:EE,TVHub-0FER92018,26.09768867,-80.16417694,EC:1B:BD,1,unknown,2025-10-30T14:00:00.000Z,2025-10-30T07:00:00.000Z,Fort Lauderdale,FL,US,Southwest 20th Street,33315
EC:1B:BD:BD:93:2D,TVHub-200400925,37.82720947,-76.28522491,EC:1B:BD,1,unknown,2022-08-30T19:00:00.000Z,2025-09-01T18:00:00.000Z,,VA,US,McNeal Road,22539
EC:1B:BD:BD:93:60,PLT_302200007,-27.38624382,153.11929321,EC:1B:BD,6,wpa2,2024-09-03T01:00:00.000Z,2024-09-02T20:00:00.000Z,,Queensland,AU,Erica Court,4008
EC:1B:BD:BD:93:F0,PLT_279200005,47.41389465,8.54613495,EC:1B:BD,6,wpa2,2025-04-23T11:00:00.000Z,2025-04-25T16:00:00.000Z,Zürich,Zürich,CH,Binzmühlestrasse,8050
EC:1B:BD:BD:94:8A,PLT_203200006,45.56428909,-73.77437592,EC:1B:BD,6,wpa2,2024-03-08T12:00:00.000Z,2026-04-29T05:00:00.000Z,Laval (13),Québec,CA,Autoroute Jean-Noël-Lavoie,H7P 0G7
EC:1B:BD:BD:96:B8,Epona TVHub,47.58816147,-122.33370972,EC:1B:BD,1,none,2024-09-29T23:00:00.000Z,2024-10-30T21:00:00.000Z,Seattle,WA,US,South Massachusetts Street,98134
EC:1B:BD:BD:96:F7,TVHub-200900702,41.40779114,-75.67047882,EC:1B:BD,1,none,2024-09-08T18:00:00.000Z,2026-06-28T08:00:00.000Z,Scranton,PA,US,Cliff Street,18503
EC:1B:BD:BD:97:0B,TVHub-200800619,41.40821838,-75.67071533,EC:1B:BD,1,unknown,2026-06-19T17:00:00.000Z,2026-06-19T18:00:00.000Z,Scranton,PA,US,Steamtown & Trolly Loading Platform,18503
EC:1B:BD:BD:98:66,TVHub-200700006,38.87317657,-77.0514679,EC:1B:BD,1,none,2021-12-04T19:00:00.000Z,2025-03-02T16:00:00.000Z,Arlington,VA,US,North Boundary Drive,20310
EC:1B:BD:BD:98:68,TVHub-200700007,24.66189957,-81.45304108,EC:1B:BD,1,unknown,2024-12-17T03:00:00.000Z,2025-05-08T15:00:00.000Z,,FL,US,Overseas Highway,33042
EC:1B:BD:BD:98:82,TVHub-200700504,34.60666656,-92.53411102,EC:1B:BD,1,unknown,2022-05-19T09:00:00.000Z,2025-10-15T09:00:00.000Z,,AR,US,I-30 Frontage Road,72019
EC:1B:BD:BD:98:9C,TVHub-200700257,38.72958374,-84.85322571,EC:1B:BD,1,none,2024-01-21T03:00:00.000Z,2026-05-09T21:00:00.000Z,Sparta,KY,US,I 71,41086
EC:1B:BD:BD:98:9D,TVHub-200700010,32.71962738,-117.22575378,EC:1B:BD,1,unknown,2025-07-23T23:00:00.000Z,2025-07-23T18:00:00.000Z,San Diego,CA,US,Shelter Island Drive,92106
EC:1B:BD:BD:98:9E,TVHub-200700658,24.56197548,-81.72560883,EC:1B:BD,1,unknown,2026-03-12T04:00:00.000Z,2026-03-17T13:00:00.000Z,,FL,US,Peninsular Avenue,33040
EC:1B:BD:BD:98:AF,TVHub-201100440,40.76039505,-74.08004761,EC:1B:BD,1,unknown,2022-09-13T21:00:00.000Z,2025-11-18T13:00:00.000Z,,NJ,US,New Jersey Turnpike,07096
EC:1B:BD:BD:98:C2,TVHub-201100201,32.76686859,-117.23612976,EC:1B:BD,1,none,2025-05-29T17:00:00.000Z,2025-11-14T15:00:00.000Z,San Diego,CA,US,West Mission Bay Drive,92109
EC:1B:BD:BD:98:DB,TVHub-200700250,34.59922791,-84.95599365,EC:1B:BD,1,none,2025-07-29T23:00:00.000Z,2025-08-07T05:00:00.000Z,,GA,US,I 75,30735
EC:1B:BD:BD:99:16,TVHub-200800082,47.56016922,-52.70980072,EC:1B:BD,1,unknown,2026-08-03T18:00:00.000Z,2026-08-03T13:00:00.000Z,St. John's,Newfoundland and Labrador,CA,Harbour Drive,A1C 5M2
EC:1B:BD:BD:99:30,Private Reserve II KVH,48.65208054,-123.39444733,EC:1B:BD,1,unknown,2024-08-22T17:00:00.000Z,2024-08-23T22:00:00.000Z,,British Columbia,CA,Sidney Seaside Walkway,V8L 3A6
EC:1B:BD:BD:99:3C,TVHub-201100413,33.87877274,-118.0922699,EC:1B:BD,1,unknown,2023-09-04T05:00:00.000Z,2025-05-03T18:00:00.000Z,Norwalk,CA,US,Harvest Avenue,90703
EC:1B:BD:BD:99:44,TVHub-200800944,47.4917984,-111.29547119,EC:1B:BD,1,unknown,2026-06-28T18:00:00.000Z,2026-06-29T11:00:00.000Z,Great Falls,MT,US,7th Street South,59401
EC:1B:BD:BD:99:4E,TVHub-200700049,34.71472931,-76.6618042,EC:1B:BD,1,wpa2,2025-05-30T15:00:00.000Z,2025-05-30T10:00:00.000Z,,NC,US,Front Street,28516
EC:1B:BD:BD:99:5F,TVHub-200500785,36.36840057,-86.71025848,EC:1B:BD,1,none,2024-08-01T21:00:00.000Z,2026-08-06T15:00:00.000Z,Millersville,TN,US,,37072
EC:1B:BD:BD:99:74,TVHub-201000466,33.60519409,-85.82684326,EC:1B:BD,1,none,2023-04-16T07:00:00.000Z,2026-06-11T10:00:00.000Z,,AL,US,I 20,36203
EC:1B:BD:BD:99:78,TVHub-200500786,46.95657349,-114.1313858,EC:1B:BD,1,unknown,2023-04-30T07:00:00.000Z,2025-07-26T18:00:00.000Z,,MT,US,US 93;MT 200,59808
EC:1B:BD:BD:99:7B,TVHub-200700822,36.85211563,28.27573776,EC:1B:BD,1,unknown,2026-02-22T11:00:00.000Z,2026-03-07T02:00:00.000Z,,Ege Bölgesi,TR,Barbaros Caddesi,0534
EC:1B:BD:BD:99:97,TVHub-200400606,24.57055473,-81.56275177,EC:1B:BD,1,unknown,2025-08-11T18:00:00.000Z,2025-08-11T19:00:00.000Z,,FL,US,,
EC:1B:BD:BD:9A:1E,20766824,52.59380341,13.47011662,EC:1B:BD,11,wpa2,2026-03-06T19:00:00.000Z,2026-05-24T06:00:00.000Z,Berlin,Pankow,DE,Lindenberger Weg,13129
EC:1B:BD:BD:9A:45,20689637,49.47709656,8.5053997,EC:1B:BD,11,wpa2,2021-09-23T09:00:00.000Z,2025-11-13T14:00:00.000Z,,Baden-Württemberg,DE,Harrlachweg,68163
EC:1B:BD:BD:9A:65,20712983,55.68094254,12.5948782,EC:1B:BD,11,wpa2,2024-09-05T11:00:00.000Z,2026-04-10T03:00:00.000Z,København,Region Hovedstaden,DK,Toldbodgade,1253
EC:1B:BD:BD:9A:7D,20712987,56.1558075,10.18288612,EC:1B:BD,11,wpa2,2025-08-09T15:00:00.000Z,2025-10-16T02:00:00.000Z,Aarhus,Region Midtjylland,DK,Vestre Ringgade,8000
EC:1B:BD:BD:9A:97,20713003,55.75403214,12.44942093,EC:1B:BD,11,wpa2,2026-02-13T08:00:00.000Z,2026-04-13T09:00:00.000Z,,Region Hovedstaden,DK,Smørmosevej,2880
EC:1B:BD:BD:9A:DF,20728276,48.07875061,11.49436188,EC:1B:BD,11,wpa2,2025-11-13T14:00:00.000Z,2025-11-13T07:00:00.000Z,München,Bayern,DE,Ketterstraße,81476
EC:1B:BD:BD:9A:E4,20713006,55.68085098,12.59470272,EC:1B:BD,11,wpa2,2024-09-05T11:00:00.000Z,2026-04-10T03:00:00.000Z,København,Region Hovedstaden,DK,Toldbodgade,1253
EC:1B:BD:BD:9A:F5,20698364,47.87652206,10.62075806,EC:1B:BD,11,wpa2,2025-01-17T10:00:00.000Z,2025-01-17T03:00:00.000Z,,Bayern,DE,Innere Buchleuthenstraße,87600
EC:1B:BD:BD:9B:4B,20742029,53.58179855,9.92520237,EC:1B:BD,11,wpa2,2025-06-17T03:00:00.000Z,2025-08-11T11:00:00.000Z,Hamburg,Stellingen,DE,Försterweg,22525
EC:1B:BD:BD:9B:95,21647609,48.12445068,11.60214233,EC:1B:BD,11,wpa2,2022-01-20T15:00:00.000Z,2026-01-23T05:00:00.000Z,München,Bayern,DE,Rosenheimer Straße,81671
EC:1B:BD:BD:9B:9E,20713002,56.38001633,9.66928768,EC:1B:BD,11,wpa2,2025-10-21T11:00:00.000Z,2025-11-04T09:00:00.000Z,,Region Midtjylland,DK,Poul Due Jensens Vej,8850
EC:1B:BD:BD:9B:A2,17111768,47.4830513,9.70223713,EC:1B:BD,11,wpa2,2025-07-30T12:00:00.000Z,2025-07-30T05:00:00.000Z,Marktgemeinde Hard,Vorarlberg,AT,Salbachstraße,6971
EC:1B:BD:BD:9B:DD,20766843,53.97753143,10.77259922,EC:1B:BD,11,wpa2,2025-06-08T13:00:00.000Z,2026-08-08T23:00:00.000Z,Timmendorfer Strand,Schleswig-Holstein,DE,L 181,23669
EC:1B:BD:BD:9B:F4,20817672,51.00879669,6.95521355,EC:1B:BD,11,wpa2,2023-12-28T13:00:00.000Z,2026-07-04T15:00:00.000Z,Köln,Nordrhein-Westfalen,DE,Emdener Straße,50735
EC:1B:BD:BD:9C:20,20817686,49.34521866,6.77377319,EC:1B:BD,11,wpa2,2024-01-07T11:00:00.000Z,2026-01-02T10:00:00.000Z,,Saarland,DE,A 8,66740
EC:1B:BD:BD:9C:31,20817674,51.02765656,6.9482789,EC:1B:BD,11,wpa2,2021-11-24T08:00:00.000Z,2025-08-04T08:00:00.000Z,Köln,Nordrhein-Westfalen,DE,,50769
EC:1B:BD:BD:9C:34,20817673,51.02522659,6.93940115,EC:1B:BD,11,wpa2,2021-03-31T13:00:00.000Z,2026-05-04T09:00:00.000Z,Köln,Nordrhein-Westfalen,DE,Industriestraße,50769
EC:1B:BD:BD:9C:AE,20817680,49.34148407,6.76217413,EC:1B:BD,11,wpa2,2024-08-01T17:00:00.000Z,2025-09-30T07:00:00.000Z,,Saarland,DE,A 8,66740
EC:1B:BD:BD:A0:A1,Easy-2403-08512352,54.69008636,8.9707756,EC:1B:BD,2,wpa2,2025-07-13T13:00:00.000Z,2025-08-17T10:00:00.000Z,,Schleswig-Holstein,DE,Mönkebüller Straße,25842
EC:1B:BD:BD:A0:A8,Easy-2403-05411956,49.42939758,11.06033421,EC:1B:BD,2,wpa2,2025-01-09T19:00:00.000Z,2025-01-12T11:00:00.000Z,Nürnberg,Bayern,DE,Nopitschstraße,90441
EC:1B:BD:BD:A2:BC,20567910,47.53287506,9.40702248,EC:1B:BD,11,wpa2,2026-04-15T12:00:00.000Z,2026-04-21T10:00:00.000Z,,Thurgau,CH,Seeweg,9320
EC:1B:BD:BD:A3:F8,20601187,56.07822037,12.73193073,EC:1B:BD,11,wpa2,2021-02-25T10:00:00.000Z,2026-08-10T00:00:00.000Z,Helsingborg,Skåne län,SE,Christinelundsvägen,254 67
EC:1B:BD:BD:A7:BD,20414706,54.29446411,10.17029762,EC:1B:BD,11,wpa2,2021-12-10T12:00:00.000Z,2026-07-02T21:00:00.000Z,Kiel,Schleswig-Holstein,DE,Wellseedamm,24146
EC:1B:BD:BD:A8:65,20420202,54.78109741,11.86421299,EC:1B:BD,11,wpa2,2021-04-19T12:00:00.000Z,2026-01-06T15:00:00.000Z,,Region Sjælland,DK,Møllebakken,4800
EC:1B:BD:BD:A8:6A,20420200,54.78108978,11.86425209,EC:1B:BD,11,wpa2,2021-04-19T12:00:00.000Z,2026-02-02T08:00:00.000Z,,Region Sjælland,DK,Møllebakken,4800
EC:1B:BD:BD:A8:6C,20420210,57.03213882,9.92921925,EC:1B:BD,11,wpa2,2024-05-11T06:00:00.000Z,2025-12-19T01:00:00.000Z,Aalborg,Region Nordjylland,DK,Sønderbro,9000
EC:1B:BD:BD:A8:89,21085786,54.79948425,11.63585186,EC:1B:BD,11,wpa2,2024-06-26T17:00:00.000Z,2026-07-02T07:00:00.000Z,,Region Sjælland,DK,Torvet,4990
EC:1B:BD:BD:A9:98,Class A AIS 0040,52.27900314,7.60412169,EC:1B:BD,6,wpa2,2025-09-18T05:00:00.000Z,2025-09-19T05:00:00.000Z,,Nordrhein-Westfalen,DE,Huckbergstraße,48477
EC:1B:BD:BD:A9:DC,Class A AIS 0220,52.31663513,4.6122098,EC:1B:BD,6,wpa2,2026-04-24T08:00:00.000Z,2026-05-07T02:00:00.000Z,,Noord-Holland,NL,Bennebroekerdijk,2136LV
EC:1B:BD:BD:AA:9C,Class A AIS 0152,52.94103622,4.7852025,EC:1B:BD,6,wpa2,2023-12-12T08:00:00.000Z,2025-06-17T06:00:00.000Z,,Noord-Holland,NL,Karel Doormanweg,1785PA
EC:1B:BD:BD:AA:9F,Class B AIS 0205,-37.67058563,176.18003845,EC:1B:BD,6,unknown,2025-01-16T03:00:00.000Z,2025-01-18T21:00:00.000Z,Tauranga,Bay of Plenty,NZ,Te Awanui Drive,3143
EC:1B:BD:EE:A3:30,,40.51502228,-74.82253265,EC:1B:BD,0,none,2024-10-13T16:00:00.000Z,2024-10-13T09:00:00.000Z,,NJ,US,US 202,08822
EC:1B:BD:F0:B1:29,,34.04976273,-118.24177551,EC:1B:BD,0,unknown,2026-07-12T20:00:00.000Z,2026-07-12T23:00:00.000Z,Los Angeles,CA,US,San Pedro Street,90012
EC:1B:BD:F0:BD:5D,,41.78271103,-73.75626373,EC:1B:BD,0,none,2025-03-28T12:00:00.000Z,2025-03-28T05:00:00.000Z,,NY,US,US 44,12578
EC:1B:BD:F1:BE:03,,40.12048721,-75.25008392,EC:1B:BD,0,none,2025-06-16T12:00:00.000Z,2025-06-16T07:00:00.000Z,,PA,US,Pennsylvania Turnpike,19444
EC:1B:BD:F2:6A:D1,,32.60564041,-85.49034882,EC:1B:BD,0,unknown,2026-08-04T21:00:00.000Z,2026-08-05T05:00:00.000Z,Auburn,AL,US,South Donahue Drive,36949
EC:1B:BD:F2:6D:F9,,32.60564041,-85.49034882,EC:1B:BD,0,unknown,2026-08-04T21:00:00.000Z,2026-08-05T05:00:00.000Z,Auburn,AL,US,South Donahue Drive,36949
EC:1B:BD:F2:6E:00,,32.60591125,-85.49033356,EC:1B:BD,0,unknown,2026-08-04T21:00:00.000Z,2026-08-05T05:00:00.000Z,Auburn,AL,US,South Donahue Drive,36949
EC:1B:BD:F2:6E:41,,32.60632706,-85.49021912,EC:1B:BD,0,unknown,2026-08-04T21:00:00.000Z,2026-08-05T05:00:00.000Z,Auburn,AL,US,West Magnolia Avenue,36849
EC:1B:BD:F2:AF:09,,32.60584259,-85.49033356,EC:1B:BD,0,unknown,2026-08-04T21:00:00.000Z,2026-08-05T05:00:00.000Z,Auburn,AL,US,South Donahue Drive,36949
